[0.000000] (-) TimerEvent: {}
[0.000570] (hiwonder_sdk) JobQueued: {'identifier': 'hiwonder_sdk', 'dependencies': OrderedDict()}
[0.001353] (my_interfaces) JobQueued: {'identifier': 'my_interfaces', 'dependencies': OrderedDict()}
[0.001676] (actuator) JobQueued: {'identifier': 'actuator', 'dependencies': OrderedDict([('hiwonder_sdk', '/root/ros_ws/install/hiwonder_sdk'), ('my_interfaces', '/root/ros_ws/install/my_interfaces')])}
[0.001796] (decision) JobQueued: {'identifier': 'decision', 'dependencies': OrderedDict([('my_interfaces', '/root/ros_ws/install/my_interfaces')])}
[0.001975] (sensor) JobQueued: {'identifier': 'sensor', 'dependencies': OrderedDict([('hiwonder_sdk', '/root/ros_ws/install/hiwonder_sdk')])}
[0.002064] (hiwonder_sdk) JobStarted: {'identifier': 'hiwonder_sdk'}
[0.014023] (my_interfaces) JobStarted: {'identifier': 'my_interfaces'}
[0.099408] (-) TimerEvent: {}
[0.199936] (-) TimerEvent: {}
[0.300463] (-) TimerEvent: {}
[0.401100] (-) TimerEvent: {}
[0.501630] (-) TimerEvent: {}
[0.602193] (-) TimerEvent: {}
[0.647158] (my_interfaces) JobProgress: {'identifier': 'my_interfaces', 'progress': 'cmake'}
[0.648112] (my_interfaces) Command: {'cmd': ['/usr/bin/cmake', '/root/ros_ws/src/my_interfaces', '-DCMAKE_INSTALL_PREFIX=/root/ros_ws/install/my_interfaces'], 'cwd': '/root/ros_ws/build/my_interfaces', 'env': OrderedDict([('SHELL', '/bin/bash'), ('ROS_VERSION', '2'), ('COLORTERM', 'truecolor'), ('TERM_PROGRAM_VERSION', '1.105.1'), ('CONDA_EXE', '/usr/local/miniconda3/bin/conda'), ('_CE_M', ''), ('ROS_PYTHON_VERSION', '3'), ('NPU_HOST_INC', '/usr/local/Ascend/ascend-toolkit/latest/runtime/include'), ('NPU_HOST_LIB', '/usr/local/Ascend/ascend-toolkit/latest/runtime/lib64/stub/aarch64'), ('PWD', '/root/ros_ws/build/my_interfaces'), ('LOGNAME', 'root'), ('XDG_SESSION_TYPE', 'tty'), ('VSCODE_GIT_ASKPASS_NODE', '/root/.vscode-server/cli/servers/Stable-7d842fb85a0275a4a8e4d7e040d2625abbf7f084/server/node'), ('MOTD_SHOWN', 'pam'), ('HOME', '/root'), ('LANG', 'C.UTF-8'), ('LS_COLORS', 'rs=0:di=01;34:ln=01;36:mh=00:pi=40;33:so=01;35:do=01;35:bd=40;33;01:cd=40;33;01:or=40;31;01:mi=00:su=37;41:sg=30;43:ca=30;41:tw=30;42:ow=34;42:st=37;44:ex=01;32:*.tar=01;31:*.tgz=01;31:*.arc=01;31:*.arj=01;31:*.taz=01;31:*.lha=01;31:*.lz4=01;31:*.lzh=01;31:*.lzma=01;31:*.tlz=01;31:*.txz=01;31:*.tzo=01;31:*.t7z=01;31:*.zip=01;31:*.z=01;31:*.dz=01;31:*.gz=01;31:*.lrz=01;31:*.lz=01;31:*.lzo=01;31:*.xz=01;31:*.zst=01;31:*.tzst=01;31:*.bz2=01;31:*.bz=01;31:*.tbz=01;31:*.tbz2=01;31:*.tz=01;31:*.deb=01;31:*.rpm=01;31:*.jar=01;31:*.war=01;31:*.ear=01;31:*.sar=01;31:*.rar=01;31:*.alz=01;31:*.ace=01;31:*.zoo=01;31:*.cpio=01;31:*.7z=01;31:*.rz=01;31:*.cab=01;31:*.wim=01;31:*.swm=01;31:*.dwm=01;31:*.esd=01;31:*.jpg=01;35:*.jpeg=01;35:*.mjpg=01;35:*.mjpeg=01;35:*.gif=01;35:*.bmp=01;35:*.pbm=01;35:*.pgm=01;35:*.ppm=01;35:*.tga=01;35:*.xbm=01;35:*.xpm=01;35:*.tif=01;35:*.tiff=01;35:*.png=01;35:*.svg=01;35:*.svgz=01;35:*.mng=01;35:*.pcx=01;35:*.mov=01;35:*.mpg=01;35:*.mpeg=01;35:*.m2v=01;35:*.mkv=01;35:*.webm=01;35:*.webp=01;35:*.ogm=01;35:*.mp4=01;35:*.m4v=01;35:*.mp4v=01;35:*.vob=01;35:*.qt=01;35:*.nuv=01;35:*.wmv=01;35:*.asf=01;35:*.rm=01;35:*.rmvb=01;35:*.flc=01;35:*.avi=01;35:*.fli=01;35:*.flv=01;35:*.gl=01;35:*.dl=01;35:*.xcf=01;35:*.xwd=01;35:*.yuv=01;35:*.cgm=01;35:*.emf=01;35:*.ogv=01;35:*.ogx=01;35:*.aac=00;36:*.au=00;36:*.flac=00;36:*.m4a=00;36:*.mid=00;36:*.midi=00;36:*.mka=00;36:*.mp3=00;36:*.mpc=00;36:*.ogg=00;36:*.ra=00;36:*.wav=00;36:*.oga=00;36:*.opus=00;36:*.spx=00;36:*.xspf=00;36:'), ('SSL_CERT_DIR', '/usr/lib/ssl/certs'), ('AMENT_PREFIX_PATH', '/root/ros_ws/install/sensor:/root/ros_ws/install/decision:/root/ros_ws/install/actuator:/root/ros_ws/install/my_interfaces:/opt/ros/humble'), ('GIT_ASKPASS', '/root/.vscode-server/cli/servers/Stable-7d842fb85a0275a4a8e4d7e040d2625abbf7f084/server/extensions/git/dist/askpass.sh'), ('CMAKE_PREFIX_PATH', '/root/ros_ws/install/my_interfaces:/root/ros_ws/install/sensor:/root/ros_ws/install/decision:/root/ros_ws/install/actuator:/opt/ros/humble'), ('COLCON_PREFIX_PATH', '/root/ros_ws/install'), ('SSH_CONNECTION', '100.69.168.86 58989 100.77.215.50 22'), ('TOOLCHAIN_HOME', '/usr/local/Ascend/ascend-toolkit/latest/toolkit'), ('ASCEND_TOOLKIT_HOME', '/usr/local/Ascend/ascend-toolkit/latest'), ('VSCODE_GIT_ASKPASS_EXTRA_ARGS', ''), ('VSCODE_PYTHON_AUTOACTIVATE_GUARD', '1'), ('LESSCLOSE', '/usr/bin/lesspipe %s %s'), ('XDG_SESSION_CLASS', 'user'), ('PYTHONPATH', '/root/ros_ws/install/sensor/lib/python3.10/site-packages:/root/ros_ws/build/decision:/root/ros_ws/install/decision/lib/python3.10/site-packages:/root/ros_ws/build/actuator:/root/ros_ws/install/actuator/lib/python3.10/site-packages:/root/ros_ws/install/my_interfaces/local/lib/python3.10/dist-packages:/root/ros_ws/build/hiwonder_sdk:/root/ros_ws/install/hiwonder_sdk/lib/python3.10/site-packages:/usr/local/Ascend/ascend-toolkit/latest/python/site-packages:/usr/local/Ascend/ascend-toolkit/latest/opp/built-in/op_impl/ai_core/tbe:/opt/ros/humble/lib/python3.10/site-packages:/opt/ros/humble/local/lib/python3.10/dist-packages:/usr/local/Ascend/ascend-toolkit/latest/python/site-packages:/usr/local/Ascend/ascend-toolkit/latest/opp/built-in/op_impl/ai_core/tbe:/usr/local/Ascend/ascend-toolkit/laster/python/site-packages:/usr/local/Ascend/ascend-toolkit/laster/opp/built-in/op_impl/ai_core/tbe:'), ('COLCON', '1'), ('TERM', 'xterm-256color'), ('_CE_CONDA', ''), ('LESSOPEN', '| /usr/bin/lesspipe %s'), ('USER', 'root'), ('VSCODE_GIT_IPC_HANDLE', '/run/user/0/vscode-git-e56df51451.sock'), ('CONDA_SHLVL', '0'), ('SHLVL', '2'), ('XDG_SESSION_ID', '11'), ('ASCEND_OPP_PATH', '/usr/local/Ascend/ascend-toolkit/latest/opp'), ('CONDA_PYTHON_EXE', '/usr/local/miniconda3/bin/python'), ('LD_LIBRARY_PATH', '/root/ros_ws/install/my_interfaces/lib:/usr/local/Ascend/ascend-toolkit/latest/tools/aml/lib64:/usr/local/Ascend/ascend-toolkit/latest/tools/aml/lib64/plugin:/usr/local/Ascend/ascend-toolkit/latest/lib64:/usr/local/Ascend/ascend-toolkit/latest/lib64/plugin/opskernel:/usr/local/Ascend/ascend-toolkit/latest/lib64/plugin/nnengine:/usr/local/Ascend/ascend-toolkit/latest/opp/built-in/op_impl/ai_core/tbe/op_tiling/lib/linux/aarch64:/var/davinci/driver/lib64:/var/davinci/driver/lib64/common:/var/davinci/driver/lib64/driver:/opt/ros/humble/opt/rviz_ogre_vendor/lib:/opt/ros/humble/lib/aarch64-linux-gnu:/opt/ros/humble/lib:/usr/local/Ascend/ascend-toolkit/latest/tools/aml/lib64:/usr/local/Ascend/ascend-toolkit/latest/tools/aml/lib64/plugin:/usr/local/Ascend/ascend-toolkit/latest/lib64:/usr/local/Ascend/ascend-toolkit/latest/lib64/plugin/opskernel:/usr/local/Ascend/ascend-toolkit/latest/lib64/plugin/nnengine:/usr/local/Ascend/ascend-toolkit/latest/opp/built-in/op_impl/ai_core/tbe/op_tiling/lib/linux/aarch64:/var/davinci/driver/lib64:/var/davinci/driver/lib64/common:/var/davinci/driver/lib64/driver:/usr/local/Ascend/ascend-toolkit/laster/runtime/lib64/stub/aarch64:/usr/local/Ascend/ascend-toolkit/laster/lib64:/usr/local/Ascend/ascend-toolkit/laster/lib64/plugin/opskernel:/usr/local/Ascend/ascend-toolkit/laster/lib64/plugin/nnengine:/usr/local/Ascend/ascend-toolkit/laster/opp/built-in/op_impl/ai_core/tbe/op_tiling:/usr/local/Ascend/driver/lib64:/var/davinci/driver/lib64:/var/davinci/driver/lib64/common:/var/davinci/driver/lib64/driver:'), ('ASCEND_AICPU_PATH', '/usr/local/Ascend/ascend-toolkit/latest'), ('XDG_RUNTIME_DIR', '/run/user/0'), ('SSL_CERT_FILE', '/usr/lib/ssl/certs/ca-certificates.crt'), ('ROS_LOCALHOST_ONLY', '0'), ('SSH_CLIENT', '100.69.168.86 58989 22'), ('VSCODE_GIT_ASKPASS_MAIN', '/root/.vscode-server/cli/servers/Stable-7d842fb85a0275a4a8e4d7e040d2625abbf7f084/server/extensions/git/dist/askpass-main.js'), ('XDG_DATA_DIRS', '/usr/share/gnome:/usr/local/share:/usr/share:/var/lib/snapd/desktop'), ('BROWSER', '/root/.vscode-server/cli/servers/Stable-7d842fb85a0275a4a8e4d7e040d2625abbf7f084/server/bin/helpers/browser.sh'), ('PATH', '/usr/local/Ascend/ascend-toolkit/latest/bin:/usr/local/Ascend/ascend-toolkit/latest/compiler/ccec_compiler/bin:/root/.vscode-server/cli/servers/Stable-7d842fb85a0275a4a8e4d7e040d2625abbf7f084/server/bin/remote-cli:/opt/ros/humble/bin:/usr/local/Ascend/ascend-toolkit/latest/bin:/usr/local/Ascend/ascend-toolkit/latest/compiler/ccec_compiler/bin:/usr/local/miniconda3/condabin:/usr/local/Ascend/ascend-toolkit/laster/bin:/usr/local/Ascend/ascend-toolkit/laster/compiler/ccec_compiler/bin:/usr/local/sbin:/usr/local/bin:/usr/sbin:/usr/bin:/sbin:/bin:/usr/games:/usr/local/games:/snap/bin:/root/.vscode-server/data/User/globalStorage/github.copilot-chat/debugCommand'), ('ASCEND_HOME_PATH', '/usr/local/Ascend/ascend-toolkit/latest'), ('DBUS_SESSION_BUS_ADDRESS', 'unix:path=/run/user/0/bus'), ('ROS_DISTRO', 'humble'), ('TERM_PROGRAM', 'vscode'), ('VSCODE_IPC_HOOK_CLI', '/run/user/0/vscode-ipc-e58d8608-7385-4d7d-944f-9463e9f90ad3.sock'), ('_', '/usr/bin/env')]), 'shell': False}
[0.702328] (-) TimerEvent: {}
[0.802861] (-) TimerEvent: {}
[0.903416] (-) TimerEvent: {}
[1.003726] (my_interfaces) StdoutLine: {'line': b'-- The C compiler identification is GNU 11.4.0\n'}
[1.004175] (-) TimerEvent: {}
[1.104589] (-) TimerEvent: {}
[1.205193] (-) TimerEvent: {}
[1.305724] (-) TimerEvent: {}
[1.395666] (my_interfaces) StdoutLine: {'line': b'-- The CXX compiler identification is GNU 11.4.0\n'}
[1.405901] (-) TimerEvent: {}
[1.425475] (my_interfaces) StdoutLine: {'line': b'-- Detecting C compiler ABI info\n'}
[1.506080] (-) TimerEvent: {}
[1.532183] (hiwonder_sdk) Command: {'cmd': ['/usr/bin/python3', '-W', 'ignore:setup.py install is deprecated', '-W', 'ignore:easy_install command is deprecated', 'setup.py', 'egg_info', '--egg-base', '../build/hiwonder_sdk', 'build', '--build-base', '/root/ros_ws/build/hiwonder_sdk/build', 'install', '--record', '/root/ros_ws/build/hiwonder_sdk/install.log', '--single-version-externally-managed'], 'cwd': '/root/ros_ws/hiwonder_sdk', 'env': {'SHELL': '/bin/bash', 'ROS_VERSION': '2', 'COLORTERM': 'truecolor', 'TERM_PROGRAM_VERSION': '1.105.1', 'CONDA_EXE': '/usr/local/miniconda3/bin/conda', '_CE_M': '', 'ROS_PYTHON_VERSION': '3', 'NPU_HOST_INC': '/usr/local/Ascend/ascend-toolkit/latest/runtime/include', 'NPU_HOST_LIB': '/usr/local/Ascend/ascend-toolkit/latest/runtime/lib64/stub/aarch64', 'PWD': '/root/ros_ws/build/hiwonder_sdk', 'LOGNAME': 'root', 'XDG_SESSION_TYPE': 'tty', 'VSCODE_GIT_ASKPASS_NODE': '/root/.vscode-server/cli/servers/Stable-7d842fb85a0275a4a8e4d7e040d2625abbf7f084/server/node', 'MOTD_SHOWN': 'pam', 'HOME': '/root', 'LANG': 'C.UTF-8', 'LS_COLORS': 'rs=0:di=01;34:ln=01;36:mh=00:pi=40;33:so=01;35:do=01;35:bd=40;33;01:cd=40;33;01:or=40;31;01:mi=00:su=37;41:sg=30;43:ca=30;41:tw=30;42:ow=34;42:st=37;44:ex=01;32:*.tar=01;31:*.tgz=01;31:*.arc=01;31:*.arj=01;31:*.taz=01;31:*.lha=01;31:*.lz4=01;31:*.lzh=01;31:*.lzma=01;31:*.tlz=01;31:*.txz=01;31:*.tzo=01;31:*.t7z=01;31:*.zip=01;31:*.z=01;31:*.dz=01;31:*.gz=01;31:*.lrz=01;31:*.lz=01;31:*.lzo=01;31:*.xz=01;31:*.zst=01;31:*.tzst=01;31:*.bz2=01;31:*.bz=01;31:*.tbz=01;31:*.tbz2=01;31:*.tz=01;31:*.deb=01;31:*.rpm=01;31:*.jar=01;31:*.war=01;31:*.ear=01;31:*.sar=01;31:*.rar=01;31:*.alz=01;31:*.ace=01;31:*.zoo=01;31:*.cpio=01;31:*.7z=01;31:*.rz=01;31:*.cab=01;31:*.wim=01;31:*.swm=01;31:*.dwm=01;31:*.esd=01;31:*.jpg=01;35:*.jpeg=01;35:*.mjpg=01;35:*.mjpeg=01;35:*.gif=01;35:*.bmp=01;35:*.pbm=01;35:*.pgm=01;35:*.ppm=01;35:*.tga=01;35:*.xbm=01;35:*.xpm=01;35:*.tif=01;35:*.tiff=01;35:*.png=01;35:*.svg=01;35:*.svgz=01;35:*.mng=01;35:*.pcx=01;35:*.mov=01;35:*.mpg=01;35:*.mpeg=01;35:*.m2v=01;35:*.mkv=01;35:*.webm=01;35:*.webp=01;35:*.ogm=01;35:*.mp4=01;35:*.m4v=01;35:*.mp4v=01;35:*.vob=01;35:*.qt=01;35:*.nuv=01;35:*.wmv=01;35:*.asf=01;35:*.rm=01;35:*.rmvb=01;35:*.flc=01;35:*.avi=01;35:*.fli=01;35:*.flv=01;35:*.gl=01;35:*.dl=01;35:*.xcf=01;35:*.xwd=01;35:*.yuv=01;35:*.cgm=01;35:*.emf=01;35:*.ogv=01;35:*.ogx=01;35:*.aac=00;36:*.au=00;36:*.flac=00;36:*.m4a=00;36:*.mid=00;36:*.midi=00;36:*.mka=00;36:*.mp3=00;36:*.mpc=00;36:*.ogg=00;36:*.ra=00;36:*.wav=00;36:*.oga=00;36:*.opus=00;36:*.spx=00;36:*.xspf=00;36:', 'SSL_CERT_DIR': '/usr/lib/ssl/certs', 'AMENT_PREFIX_PATH': '/root/ros_ws/install/sensor:/root/ros_ws/install/decision:/root/ros_ws/install/actuator:/root/ros_ws/install/my_interfaces:/opt/ros/humble', 'GIT_ASKPASS': '/root/.vscode-server/cli/servers/Stable-7d842fb85a0275a4a8e4d7e040d2625abbf7f084/server/extensions/git/dist/askpass.sh', 'CMAKE_PREFIX_PATH': '/root/ros_ws/install/my_interfaces', 'COLCON_PREFIX_PATH': '/root/ros_ws/install', 'SSH_CONNECTION': '100.69.168.86 58989 100.77.215.50 22', 'TOOLCHAIN_HOME': '/usr/local/Ascend/ascend-toolkit/latest/toolkit', 'ASCEND_TOOLKIT_HOME': '/usr/local/Ascend/ascend-toolkit/latest', 'VSCODE_GIT_ASKPASS_EXTRA_ARGS': '', 'VSCODE_PYTHON_AUTOACTIVATE_GUARD': '1', 'LESSCLOSE': '/usr/bin/lesspipe %s %s', 'XDG_SESSION_CLASS': 'user', 'PYTHONPATH': '/root/ros_ws/build/hiwonder_sdk/prefix_override:/usr/lib/python3/dist-packages/colcon_core/task/python/colcon_distutils_commands:/root/ros_ws/install/hiwonder_sdk/lib/python3.10/site-packages:/root/ros_ws/install/sensor/lib/python3.10/site-packages:/root/ros_ws/build/decision:/root/ros_ws/install/decision/lib/python3.10/site-packages:/root/ros_ws/build/actuator:/root/ros_ws/install/actuator/lib/python3.10/site-packages:/root/ros_ws/install/my_interfaces/local/lib/python3.10/dist-packages:/root/ros_ws/build/hiwonder_sdk:/root/ros_ws/install/hiwonder_sdk/lib/python3.10/site-packages:/usr/local/Ascend/ascend-toolkit/latest/python/site-packages:/usr/local/Ascend/ascend-toolkit/latest/opp/built-in/op_impl/ai_core/tbe:/opt/ros/humble/lib/python3.10/site-packages:/opt/ros/humble/local/lib/python3.10/dist-packages:/usr/local/Ascend/ascend-toolkit/latest/python/site-packages:/usr/local/Ascend/ascend-toolkit/latest/opp/built-in/op_impl/ai_core/tbe:/usr/local/Ascend/ascend-toolkit/laster/python/site-packages:/usr/local/Ascend/ascend-toolkit/laster/opp/built-in/op_impl/ai_core/tbe:', 'COLCON': '1', 'TERM': 'xterm-256color', '_CE_CONDA': '', 'LESSOPEN': '| /usr/bin/lesspipe %s', 'USER': 'root', 'VSCODE_GIT_IPC_HANDLE': '/run/user/0/vscode-git-e56df51451.sock', 'CONDA_SHLVL': '0', 'SHLVL': '2', 'XDG_SESSION_ID': '11', 'ASCEND_OPP_PATH': '/usr/local/Ascend/ascend-toolkit/latest/opp', 'CONDA_PYTHON_EXE': '/usr/local/miniconda3/bin/python', 'LD_LIBRARY_PATH': '/root/ros_ws/install/my_interfaces/lib:/usr/local/Ascend/ascend-toolkit/latest/tools/aml/lib64:/usr/local/Ascend/ascend-toolkit/latest/tools/aml/lib64/plugin:/usr/local/Ascend/ascend-toolkit/latest/lib64:/usr/local/Ascend/ascend-toolkit/latest/lib64/plugin/opskernel:/usr/local/Ascend/ascend-toolkit/latest/lib64/plugin/nnengine:/usr/local/Ascend/ascend-toolkit/latest/opp/built-in/op_impl/ai_core/tbe/op_tiling/lib/linux/aarch64:/var/davinci/driver/lib64:/var/davinci/driver/lib64/common:/var/davinci/driver/lib64/driver:/opt/ros/humble/opt/rviz_ogre_vendor/lib:/opt/ros/humble/lib/aarch64-linux-gnu:/opt/ros/humble/lib:/usr/local/Ascend/ascend-toolkit/latest/tools/aml/lib64:/usr/local/Ascend/ascend-toolkit/latest/tools/aml/lib64/plugin:/usr/local/Ascend/ascend-toolkit/latest/lib64:/usr/local/Ascend/ascend-toolkit/latest/lib64/plugin/opskernel:/usr/local/Ascend/ascend-toolkit/latest/lib64/plugin/nnengine:/usr/local/Ascend/ascend-toolkit/latest/opp/built-in/op_impl/ai_core/tbe/op_tiling/lib/linux/aarch64:/var/davinci/driver/lib64:/var/davinci/driver/lib64/common:/var/davinci/driver/lib64/driver:/usr/local/Ascend/ascend-toolkit/laster/runtime/lib64/stub/aarch64:/usr/local/Ascend/ascend-toolkit/laster/lib64:/usr/local/Ascend/ascend-toolkit/laster/lib64/plugin/opskernel:/usr/local/Ascend/ascend-toolkit/laster/lib64/plugin/nnengine:/usr/local/Ascend/ascend-toolkit/laster/opp/built-in/op_impl/ai_core/tbe/op_tiling:/usr/local/Ascend/driver/lib64:/var/davinci/driver/lib64:/var/davinci/driver/lib64/common:/var/davinci/driver/lib64/driver:', 'ASCEND_AICPU_PATH': '/usr/local/Ascend/ascend-toolkit/latest', 'XDG_RUNTIME_DIR': '/run/user/0', 'SSL_CERT_FILE': '/usr/lib/ssl/certs/ca-certificates.crt', 'ROS_LOCALHOST_ONLY': '0', 'SSH_CLIENT': '100.69.168.86 58989 22', 'VSCODE_GIT_ASKPASS_MAIN': '/root/.vscode-server/cli/servers/Stable-7d842fb85a0275a4a8e4d7e040d2625abbf7f084/server/extensions/git/dist/askpass-main.js', 'XDG_DATA_DIRS': '/usr/share/gnome:/usr/local/share:/usr/share:/var/lib/snapd/desktop', 'BROWSER': '/root/.vscode-server/cli/servers/Stable-7d842fb85a0275a4a8e4d7e040d2625abbf7f084/server/bin/helpers/browser.sh', 'PATH': '/usr/local/Ascend/ascend-toolkit/latest/bin:/usr/local/Ascend/ascend-toolkit/latest/compiler/ccec_compiler/bin:/root/.vscode-server/cli/servers/Stable-7d842fb85a0275a4a8e4d7e040d2625abbf7f084/server/bin/remote-cli:/opt/ros/humble/bin:/usr/local/Ascend/ascend-toolkit/latest/bin:/usr/local/Ascend/ascend-toolkit/latest/compiler/ccec_compiler/bin:/usr/local/miniconda3/condabin:/usr/local/Ascend/ascend-toolkit/laster/bin:/usr/local/Ascend/ascend-toolkit/laster/compiler/ccec_compiler/bin:/usr/local/sbin:/usr/local/bin:/usr/sbin:/usr/bin:/sbin:/bin:/usr/games:/usr/local/games:/snap/bin:/root/.vscode-server/data/User/globalStorage/github.copilot-chat/debugCommand', 'ASCEND_HOME_PATH': '/usr/local/Ascend/ascend-toolkit/latest', 'DBUS_SESSION_BUS_ADDRESS': 'unix:path=/run/user/0/bus', 'ROS_DISTRO': 'humble', 'TERM_PROGRAM': 'vscode', 'VSCODE_IPC_HOOK_CLI': '/run/user/0/vscode-ipc-e58d8608-7385-4d7d-944f-9463e9f90ad3.sock', '_': '/usr/bin/env'}, 'shell': False}
[1.606224] (-) TimerEvent: {}
[1.706766] (-) TimerEvent: {}
[1.728993] (my_interfaces) StdoutLine: {'line': b'-- Detecting C compiler ABI info - done\n'}
[1.749042] (my_interfaces) StdoutLine: {'line': b'-- Check for working C compiler: /usr/bin/cc - skipped\n'}
[1.751015] (my_interfaces) StdoutLine: {'line': b'-- Detecting C compile features\n'}
[1.753954] (my_interfaces) StdoutLine: {'line': b'-- Detecting C compile features - done\n'}
[1.765426] (my_interfaces) StdoutLine: {'line': b'-- Detecting CXX compiler ABI info\n'}
[1.806922] (-) TimerEvent: {}
[1.907462] (-) TimerEvent: {}
[2.008022] (-) TimerEvent: {}
[2.045032] (my_interfaces) StdoutLine: {'line': b'-- Detecting CXX compiler ABI info - done\n'}
[2.057430] (my_interfaces) StdoutLine: {'line': b'-- Check for working CXX compiler: /usr/bin/c++ - skipped\n'}
[2.058182] (my_interfaces) StdoutLine: {'line': b'-- Detecting CXX compile features\n'}
[2.059369] (my_interfaces) StdoutLine: {'line': b'-- Detecting CXX compile features - done\n'}
[2.065685] (my_interfaces) StdoutLine: {'line': b'-- Found ament_cmake: 1.3.12 (/opt/ros/humble/share/ament_cmake/cmake)\n'}
[2.108168] (-) TimerEvent: {}
[2.166303] (hiwonder_sdk) StdoutLine: {'line': b'running egg_info\n'}
[2.167864] (hiwonder_sdk) StdoutLine: {'line': b'creating ../build/hiwonder_sdk/hiwonder_sdk.egg-info\n'}
[2.168606] (hiwonder_sdk) StdoutLine: {'line': b'writing ../build/hiwonder_sdk/hiwonder_sdk.egg-info/PKG-INFO\n'}
[2.169314] (hiwonder_sdk) StdoutLine: {'line': b'writing dependency_links to ../build/hiwonder_sdk/hiwonder_sdk.egg-info/dependency_links.txt\n'}
[2.170112] (hiwonder_sdk) StdoutLine: {'line': b'writing top-level names to ../build/hiwonder_sdk/hiwonder_sdk.egg-info/top_level.txt\n'}
[2.170347] (hiwonder_sdk) StdoutLine: {'line': b"writing manifest file '../build/hiwonder_sdk/hiwonder_sdk.egg-info/SOURCES.txt'\n"}
[2.174295] (hiwonder_sdk) StdoutLine: {'line': b"reading manifest file '../build/hiwonder_sdk/hiwonder_sdk.egg-info/SOURCES.txt'\n"}
[2.174599] (hiwonder_sdk) StdoutLine: {'line': b"reading manifest template 'MANIFEST.in'\n"}
[2.174855] (hiwonder_sdk) StderrLine: {'line': b"warning: no files found matching 'hiwonder_sdk/data/*'\n"}
[2.176734] (hiwonder_sdk) StdoutLine: {'line': b"writing manifest file '../build/hiwonder_sdk/hiwonder_sdk.egg-info/SOURCES.txt'\n"}
[2.177203] (hiwonder_sdk) StdoutLine: {'line': b'running build\n'}
[2.177404] (hiwonder_sdk) StdoutLine: {'line': b'running build_py\n'}
[2.177795] (hiwonder_sdk) StdoutLine: {'line': b'creating /root/ros_ws/build/hiwonder_sdk/build\n'}
[2.177993] (hiwonder_sdk) StdoutLine: {'line': b'creating /root/ros_ws/build/hiwonder_sdk/build/lib\n'}
[2.178158] (hiwonder_sdk) StdoutLine: {'line': b'creating /root/ros_ws/build/hiwonder_sdk/build/lib/hiwonder_sdk\n'}
[2.178383] (hiwonder_sdk) StdoutLine: {'line': b'copying hiwonder_sdk/Board.py -> /root/ros_ws/build/hiwonder_sdk/build/lib/hiwonder_sdk\n'}
[2.178625] (hiwonder_sdk) StdoutLine: {'line': b'copying hiwonder_sdk/yaml_handle.py -> /root/ros_ws/build/hiwonder_sdk/build/lib/hiwonder_sdk\n'}
[2.178850] (hiwonder_sdk) StdoutLine: {'line': b'copying hiwonder_sdk/__init__.py -> /root/ros_ws/build/hiwonder_sdk/build/lib/hiwonder_sdk\n'}
[2.179053] (hiwonder_sdk) StdoutLine: {'line': b'copying hiwonder_sdk/Sonar.py -> /root/ros_ws/build/hiwonder_sdk/build/lib/hiwonder_sdk\n'}
[2.179296] (hiwonder_sdk) StdoutLine: {'line': b'copying hiwonder_sdk/ActionGroupControl.py -> /root/ros_ws/build/hiwonder_sdk/build/lib/hiwonder_sdk\n'}
[2.179519] (hiwonder_sdk) StdoutLine: {'line': b'copying hiwonder_sdk/mecanum.py -> /root/ros_ws/build/hiwonder_sdk/build/lib/hiwonder_sdk\n'}
[2.179772] (hiwonder_sdk) StdoutLine: {'line': b'copying hiwonder_sdk/Misc.py -> /root/ros_ws/build/hiwonder_sdk/build/lib/hiwonder_sdk\n'}
[2.179988] (hiwonder_sdk) StdoutLine: {'line': b'copying hiwonder_sdk/PWMServoControlDemo.py -> /root/ros_ws/build/hiwonder_sdk/build/lib/hiwonder_sdk\n'}
[2.180155] (hiwonder_sdk) StdoutLine: {'line': b'copying hiwonder_sdk/PID.py -> /root/ros_ws/build/hiwonder_sdk/build/lib/hiwonder_sdk\n'}
[2.180313] (hiwonder_sdk) StdoutLine: {'line': b'copying hiwonder_sdk/ai_pro_pin_map.py -> /root/ros_ws/build/hiwonder_sdk/build/lib/hiwonder_sdk\n'}
[2.180932] (hiwonder_sdk) StdoutLine: {'line': b'running install\n'}
[2.181780] (hiwonder_sdk) StdoutLine: {'line': b'running install_lib\n'}
[2.183791] (hiwonder_sdk) StdoutLine: {'line': b'creating /root/ros_ws/install/hiwonder_sdk/lib/python3.10/site-packages/hiwonder_sdk\n'}
[2.184032] (hiwonder_sdk) StdoutLine: {'line': b'copying /root/ros_ws/build/hiwonder_sdk/build/lib/hiwonder_sdk/Board.py -> /root/ros_ws/install/hiwonder_sdk/lib/python3.10/site-packages/hiwonder_sdk\n'}
[2.184272] (hiwonder_sdk) StdoutLine: {'line': b'copying /root/ros_ws/build/hiwonder_sdk/build/lib/hiwonder_sdk/yaml_handle.py -> /root/ros_ws/install/hiwonder_sdk/lib/python3.10/site-packages/hiwonder_sdk\n'}
[2.184501] (hiwonder_sdk) StdoutLine: {'line': b'copying /root/ros_ws/build/hiwonder_sdk/build/lib/hiwonder_sdk/__init__.py -> /root/ros_ws/install/hiwonder_sdk/lib/python3.10/site-packages/hiwonder_sdk\n'}
[2.184824] (hiwonder_sdk) StdoutLine: {'line': b'copying /root/ros_ws/build/hiwonder_sdk/build/lib/hiwonder_sdk/Sonar.py -> /root/ros_ws/install/hiwonder_sdk/lib/python3.10/site-packages/hiwonder_sdk\n'}
[2.185097] (hiwonder_sdk) StdoutLine: {'line': b'copying /root/ros_ws/build/hiwonder_sdk/build/lib/hiwonder_sdk/ActionGroupControl.py -> /root/ros_ws/install/hiwonder_sdk/lib/python3.10/site-packages/hiwonder_sdk\n'}
[2.185309] (hiwonder_sdk) StdoutLine: {'line': b'copying /root/ros_ws/build/hiwonder_sdk/build/lib/hiwonder_sdk/mecanum.py -> /root/ros_ws/install/hiwonder_sdk/lib/python3.10/site-packages/hiwonder_sdk\n'}
[2.185547] (hiwonder_sdk) StdoutLine: {'line': b'copying /root/ros_ws/build/hiwonder_sdk/build/lib/hiwonder_sdk/Misc.py -> /root/ros_ws/install/hiwonder_sdk/lib/python3.10/site-packages/hiwonder_sdk\n'}
[2.185788] (hiwonder_sdk) StdoutLine: {'line': b'copying /root/ros_ws/build/hiwonder_sdk/build/lib/hiwonder_sdk/PWMServoControlDemo.py -> /root/ros_ws/install/hiwonder_sdk/lib/python3.10/site-packages/hiwonder_sdk\n'}
[2.185957] (hiwonder_sdk) StdoutLine: {'line': b'copying /root/ros_ws/build/hiwonder_sdk/build/lib/hiwonder_sdk/PID.py -> /root/ros_ws/install/hiwonder_sdk/lib/python3.10/site-packages/hiwonder_sdk\n'}
[2.186134] (hiwonder_sdk) StdoutLine: {'line': b'copying /root/ros_ws/build/hiwonder_sdk/build/lib/hiwonder_sdk/ai_pro_pin_map.py -> /root/ros_ws/install/hiwonder_sdk/lib/python3.10/site-packages/hiwonder_sdk\n'}
[2.189109] (hiwonder_sdk) StdoutLine: {'line': b'byte-compiling /root/ros_ws/install/hiwonder_sdk/lib/python3.10/site-packages/hiwonder_sdk/Board.py to Board.cpython-310.pyc\n'}
[2.191589] (hiwonder_sdk) StdoutLine: {'line': b'byte-compiling /root/ros_ws/install/hiwonder_sdk/lib/python3.10/site-packages/hiwonder_sdk/yaml_handle.py to yaml_handle.cpython-310.pyc\n'}
[2.192241] (hiwonder_sdk) StdoutLine: {'line': b'byte-compiling /root/ros_ws/install/hiwonder_sdk/lib/python3.10/site-packages/hiwonder_sdk/__init__.py to __init__.cpython-310.pyc\n'}
[2.192575] (hiwonder_sdk) StdoutLine: {'line': b'byte-compiling /root/ros_ws/install/hiwonder_sdk/lib/python3.10/site-packages/hiwonder_sdk/Sonar.py to Sonar.cpython-310.pyc\n'}
[2.195120] (hiwonder_sdk) StdoutLine: {'line': b'byte-compiling /root/ros_ws/install/hiwonder_sdk/lib/python3.10/site-packages/hiwonder_sdk/ActionGroupControl.py to ActionGroupControl.cpython-310.pyc\n'}
[2.196108] (hiwonder_sdk) StdoutLine: {'line': b'byte-compiling /root/ros_ws/install/hiwonder_sdk/lib/python3.10/site-packages/hiwonder_sdk/mecanum.py to mecanum.cpython-310.pyc\n'}
[2.197657] (hiwonder_sdk) StdoutLine: {'line': b'byte-compiling /root/ros_ws/install/hiwonder_sdk/lib/python3.10/site-packages/hiwonder_sdk/Misc.py to Misc.cpython-310.pyc\n'}
[2.198202] (hiwonder_sdk) StdoutLine: {'line': b'byte-compiling /root/ros_ws/install/hiwonder_sdk/lib/python3.10/site-packages/hiwonder_sdk/PWMServoControlDemo.py to PWMServoControlDemo.cpython-310.pyc\n'}
[2.198909] (hiwonder_sdk) StdoutLine: {'line': b'byte-compiling /root/ros_ws/install/hiwonder_sdk/lib/python3.10/site-packages/hiwonder_sdk/PID.py to PID.cpython-310.pyc\n'}
[2.200221] (hiwonder_sdk) StdoutLine: {'line': b'byte-compiling /root/ros_ws/install/hiwonder_sdk/lib/python3.10/site-packages/hiwonder_sdk/ai_pro_pin_map.py to ai_pro_pin_map.cpython-310.pyc\n'}
[2.200818] (hiwonder_sdk) StdoutLine: {'line': b'running install_egg_info\n'}
[2.205782] (hiwonder_sdk) StdoutLine: {'line': b'Copying ../build/hiwonder_sdk/hiwonder_sdk.egg-info to /root/ros_ws/install/hiwonder_sdk/lib/python3.10/site-packages/hiwonder_sdk-0.0.1-py3.10.egg-info\n'}
[2.206891] (hiwonder_sdk) StdoutLine: {'line': b'running install_scripts\n'}
[2.208230] (-) TimerEvent: {}
[2.262162] (hiwonder_sdk) StdoutLine: {'line': b"writing list of installed files to '/root/ros_ws/build/hiwonder_sdk/install.log'\n"}
[2.308402] (-) TimerEvent: {}
[2.371746] (hiwonder_sdk) CommandEnded: {'returncode': 0}
[2.396847] (hiwonder_sdk) JobEnded: {'identifier': 'hiwonder_sdk', 'rc': 0}
[2.400557] (sensor) JobStarted: {'identifier': 'sensor'}
[2.408584] (-) TimerEvent: {}
[2.501583] (my_interfaces) StdoutLine: {'line': b'-- Found Python3: /usr/bin/python3 (found version "3.10.12") found components: Interpreter \n'}
[2.508739] (-) TimerEvent: {}
[2.609287] (-) TimerEvent: {}
[2.709828] (-) TimerEvent: {}
[2.734173] (my_interfaces) StdoutLine: {'line': b'-- Found rosidl_default_generators: 1.2.0 (/opt/ros/humble/share/rosidl_default_generators/cmake)\n'}
[2.740440] (my_interfaces) StdoutLine: {'line': b'-- Using all available rosidl_typesupport_c: rosidl_typesupport_fastrtps_c;rosidl_typesupport_introspection_c\n'}
[2.754421] (my_interfaces) StdoutLine: {'line': b'-- Found rosidl_adapter: 3.1.7 (/opt/ros/humble/share/rosidl_adapter/cmake)\n'}
[2.810339] (-) TimerEvent: {}
[2.836744] (my_interfaces) StdoutLine: {'line': b'-- Using all available rosidl_typesupport_cpp: rosidl_typesupport_fastrtps_cpp;rosidl_typesupport_introspection_cpp\n'}
[2.910489] (-) TimerEvent: {}
[3.011055] (-) TimerEvent: {}
[3.111624] (-) TimerEvent: {}
[3.212162] (-) TimerEvent: {}
[3.312764] (-) TimerEvent: {}
[3.413290] (-) TimerEvent: {}
[3.513825] (-) TimerEvent: {}
[3.614391] (-) TimerEvent: {}
[3.679100] (my_interfaces) StdoutLine: {'line': b'-- Found ament_cmake_ros: 0.10.0 (/opt/ros/humble/share/ament_cmake_ros/cmake)\n'}
[3.714533] (-) TimerEvent: {}
[3.815037] (-) TimerEvent: {}
[3.915548] (-) TimerEvent: {}
[3.944506] (sensor) Command: {'cmd': ['/usr/bin/python3', '-W', 'ignore:setup.py install is deprecated', '-W', 'ignore:easy_install command is deprecated', 'setup.py', 'egg_info', '--egg-base', '../../build/sensor', 'build', '--build-base', '/root/ros_ws/build/sensor/build', 'install', '--record', '/root/ros_ws/build/sensor/install.log', '--single-version-externally-managed', 'install_data'], 'cwd': '/root/ros_ws/src/sensor', 'env': {'SHELL': '/bin/bash', 'ROS_VERSION': '2', 'COLORTERM': 'truecolor', 'TERM_PROGRAM_VERSION': '1.105.1', 'CONDA_EXE': '/usr/local/miniconda3/bin/conda', '_CE_M': '', 'ROS_PYTHON_VERSION': '3', 'NPU_HOST_INC': '/usr/local/Ascend/ascend-toolkit/latest/runtime/include', 'NPU_HOST_LIB': '/usr/local/Ascend/ascend-toolkit/latest/runtime/lib64/stub/aarch64', 'PWD': '/root/ros_ws/build/sensor', 'LOGNAME': 'root', 'XDG_SESSION_TYPE': 'tty', 'VSCODE_GIT_ASKPASS_NODE': '/root/.vscode-server/cli/servers/Stable-7d842fb85a0275a4a8e4d7e040d2625abbf7f084/server/node', 'MOTD_SHOWN': 'pam', 'HOME': '/root', 'LANG': 'C.UTF-8', 'LS_COLORS': 'rs=0:di=01;34:ln=01;36:mh=00:pi=40;33:so=01;35:do=01;35:bd=40;33;01:cd=40;33;01:or=40;31;01:mi=00:su=37;41:sg=30;43:ca=30;41:tw=30;42:ow=34;42:st=37;44:ex=01;32:*.tar=01;31:*.tgz=01;31:*.arc=01;31:*.arj=01;31:*.taz=01;31:*.lha=01;31:*.lz4=01;31:*.lzh=01;31:*.lzma=01;31:*.tlz=01;31:*.txz=01;31:*.tzo=01;31:*.t7z=01;31:*.zip=01;31:*.z=01;31:*.dz=01;31:*.gz=01;31:*.lrz=01;31:*.lz=01;31:*.lzo=01;31:*.xz=01;31:*.zst=01;31:*.tzst=01;31:*.bz2=01;31:*.bz=01;31:*.tbz=01;31:*.tbz2=01;31:*.tz=01;31:*.deb=01;31:*.rpm=01;31:*.jar=01;31:*.war=01;31:*.ear=01;31:*.sar=01;31:*.rar=01;31:*.alz=01;31:*.ace=01;31:*.zoo=01;31:*.cpio=01;31:*.7z=01;31:*.rz=01;31:*.cab=01;31:*.wim=01;31:*.swm=01;31:*.dwm=01;31:*.esd=01;31:*.jpg=01;35:*.jpeg=01;35:*.mjpg=01;35:*.mjpeg=01;35:*.gif=01;35:*.bmp=01;35:*.pbm=01;35:*.pgm=01;35:*.ppm=01;35:*.tga=01;35:*.xbm=01;35:*.xpm=01;35:*.tif=01;35:*.tiff=01;35:*.png=01;35:*.svg=01;35:*.svgz=01;35:*.mng=01;35:*.pcx=01;35:*.mov=01;35:*.mpg=01;35:*.mpeg=01;35:*.m2v=01;35:*.mkv=01;35:*.webm=01;35:*.webp=01;35:*.ogm=01;35:*.mp4=01;35:*.m4v=01;35:*.mp4v=01;35:*.vob=01;35:*.qt=01;35:*.nuv=01;35:*.wmv=01;35:*.asf=01;35:*.rm=01;35:*.rmvb=01;35:*.flc=01;35:*.avi=01;35:*.fli=01;35:*.flv=01;35:*.gl=01;35:*.dl=01;35:*.xcf=01;35:*.xwd=01;35:*.yuv=01;35:*.cgm=01;35:*.emf=01;35:*.ogv=01;35:*.ogx=01;35:*.aac=00;36:*.au=00;36:*.flac=00;36:*.m4a=00;36:*.mid=00;36:*.midi=00;36:*.mka=00;36:*.mp3=00;36:*.mpc=00;36:*.ogg=00;36:*.ra=00;36:*.wav=00;36:*.oga=00;36:*.opus=00;36:*.spx=00;36:*.xspf=00;36:', 'SSL_CERT_DIR': '/usr/lib/ssl/certs', 'AMENT_PREFIX_PATH': '/root/ros_ws/install/sensor:/root/ros_ws/install/decision:/root/ros_ws/install/actuator:/root/ros_ws/install/my_interfaces:/opt/ros/humble', 'GIT_ASKPASS': '/root/.vscode-server/cli/servers/Stable-7d842fb85a0275a4a8e4d7e040d2625abbf7f084/server/extensions/git/dist/askpass.sh', 'CMAKE_PREFIX_PATH': '/root/ros_ws/install/my_interfaces', 'COLCON_PREFIX_PATH': '/root/ros_ws/install', 'SSH_CONNECTION': '100.69.168.86 58989 100.77.215.50 22', 'TOOLCHAIN_HOME': '/usr/local/Ascend/ascend-toolkit/latest/toolkit', 'ASCEND_TOOLKIT_HOME': '/usr/local/Ascend/ascend-toolkit/latest', 'VSCODE_GIT_ASKPASS_EXTRA_ARGS': '', 'VSCODE_PYTHON_AUTOACTIVATE_GUARD': '1', 'LESSCLOSE': '/usr/bin/lesspipe %s %s', 'XDG_SESSION_CLASS': 'user', 'PYTHONPATH': '/root/ros_ws/build/sensor/prefix_override:/usr/lib/python3/dist-packages/colcon_core/task/python/colcon_distutils_commands:/root/ros_ws/install/sensor/lib/python3.10/site-packages:/root/ros_ws/install/hiwonder_sdk/lib/python3.10/site-packages:/root/ros_ws/install/sensor/lib/python3.10/site-packages:/root/ros_ws/build/decision:/root/ros_ws/install/decision/lib/python3.10/site-packages:/root/ros_ws/build/actuator:/root/ros_ws/install/actuator/lib/python3.10/site-packages:/root/ros_ws/install/my_interfaces/local/lib/python3.10/dist-packages:/root/ros_ws/build/hiwonder_sdk:/usr/local/Ascend/ascend-toolkit/latest/python/site-packages:/usr/local/Ascend/ascend-toolkit/latest/opp/built-in/op_impl/ai_core/tbe:/opt/ros/humble/lib/python3.10/site-packages:/opt/ros/humble/local/lib/python3.10/dist-packages:/usr/local/Ascend/ascend-toolkit/latest/python/site-packages:/usr/local/Ascend/ascend-toolkit/latest/opp/built-in/op_impl/ai_core/tbe:/usr/local/Ascend/ascend-toolkit/laster/python/site-packages:/usr/local/Ascend/ascend-toolkit/laster/opp/built-in/op_impl/ai_core/tbe', 'COLCON': '1', 'TERM': 'xterm-256color', '_CE_CONDA': '', 'LESSOPEN': '| /usr/bin/lesspipe %s', 'USER': 'root', 'VSCODE_GIT_IPC_HANDLE': '/run/user/0/vscode-git-e56df51451.sock', 'CONDA_SHLVL': '0', 'SHLVL': '2', 'XDG_SESSION_ID': '11', 'ASCEND_OPP_PATH': '/usr/local/Ascend/ascend-toolkit/latest/opp', 'CONDA_PYTHON_EXE': '/usr/local/miniconda3/bin/python', 'LD_LIBRARY_PATH': '/root/ros_ws/install/my_interfaces/lib:/usr/local/Ascend/ascend-toolkit/latest/tools/aml/lib64:/usr/local/Ascend/ascend-toolkit/latest/tools/aml/lib64/plugin:/usr/local/Ascend/ascend-toolkit/latest/lib64:/usr/local/Ascend/ascend-toolkit/latest/lib64/plugin/opskernel:/usr/local/Ascend/ascend-toolkit/latest/lib64/plugin/nnengine:/usr/local/Ascend/ascend-toolkit/latest/opp/built-in/op_impl/ai_core/tbe/op_tiling/lib/linux/aarch64:/var/davinci/driver/lib64:/var/davinci/driver/lib64/common:/var/davinci/driver/lib64/driver:/opt/ros/humble/opt/rviz_ogre_vendor/lib:/opt/ros/humble/lib/aarch64-linux-gnu:/opt/ros/humble/lib:/usr/local/Ascend/ascend-toolkit/latest/tools/aml/lib64:/usr/local/Ascend/ascend-toolkit/latest/tools/aml/lib64/plugin:/usr/local/Ascend/ascend-toolkit/latest/lib64:/usr/local/Ascend/ascend-toolkit/latest/lib64/plugin/opskernel:/usr/local/Ascend/ascend-toolkit/latest/lib64/plugin/nnengine:/usr/local/Ascend/ascend-toolkit/latest/opp/built-in/op_impl/ai_core/tbe/op_tiling/lib/linux/aarch64:/var/davinci/driver/lib64:/var/davinci/driver/lib64/common:/var/davinci/driver/lib64/driver:/usr/local/Ascend/ascend-toolkit/laster/runtime/lib64/stub/aarch64:/usr/local/Ascend/ascend-toolkit/laster/lib64:/usr/local/Ascend/ascend-toolkit/laster/lib64/plugin/opskernel:/usr/local/Ascend/ascend-toolkit/laster/lib64/plugin/nnengine:/usr/local/Ascend/ascend-toolkit/laster/opp/built-in/op_impl/ai_core/tbe/op_tiling:/usr/local/Ascend/driver/lib64:/var/davinci/driver/lib64:/var/davinci/driver/lib64/common:/var/davinci/driver/lib64/driver:', 'ASCEND_AICPU_PATH': '/usr/local/Ascend/ascend-toolkit/latest', 'XDG_RUNTIME_DIR': '/run/user/0', 'SSL_CERT_FILE': '/usr/lib/ssl/certs/ca-certificates.crt', 'ROS_LOCALHOST_ONLY': '0', 'SSH_CLIENT': '100.69.168.86 58989 22', 'VSCODE_GIT_ASKPASS_MAIN': '/root/.vscode-server/cli/servers/Stable-7d842fb85a0275a4a8e4d7e040d2625abbf7f084/server/extensions/git/dist/askpass-main.js', 'XDG_DATA_DIRS': '/usr/share/gnome:/usr/local/share:/usr/share:/var/lib/snapd/desktop', 'BROWSER': '/root/.vscode-server/cli/servers/Stable-7d842fb85a0275a4a8e4d7e040d2625abbf7f084/server/bin/helpers/browser.sh', 'PATH': '/usr/local/Ascend/ascend-toolkit/latest/bin:/usr/local/Ascend/ascend-toolkit/latest/compiler/ccec_compiler/bin:/root/.vscode-server/cli/servers/Stable-7d842fb85a0275a4a8e4d7e040d2625abbf7f084/server/bin/remote-cli:/opt/ros/humble/bin:/usr/local/Ascend/ascend-toolkit/latest/bin:/usr/local/Ascend/ascend-toolkit/latest/compiler/ccec_compiler/bin:/usr/local/miniconda3/condabin:/usr/local/Ascend/ascend-toolkit/laster/bin:/usr/local/Ascend/ascend-toolkit/laster/compiler/ccec_compiler/bin:/usr/local/sbin:/usr/local/bin:/usr/sbin:/usr/bin:/sbin:/bin:/usr/games:/usr/local/games:/snap/bin:/root/.vscode-server/data/User/globalStorage/github.copilot-chat/debugCommand', 'ASCEND_HOME_PATH': '/usr/local/Ascend/ascend-toolkit/latest', 'DBUS_SESSION_BUS_ADDRESS': 'unix:path=/run/user/0/bus', 'ROS_DISTRO': 'humble', 'TERM_PROGRAM': 'vscode', 'VSCODE_IPC_HOOK_CLI': '/run/user/0/vscode-ipc-e58d8608-7385-4d7d-944f-9463e9f90ad3.sock', '_': '/usr/bin/env'}, 'shell': False}
[4.015704] (-) TimerEvent: {}
[4.121066] (-) TimerEvent: {}
[4.188386] (my_interfaces) StdoutLine: {'line': b'-- Using all available rosidl_typesupport_c: rosidl_typesupport_fastrtps_c;rosidl_typesupport_introspection_c\n'}
[4.221204] (-) TimerEvent: {}
[4.322103] (-) TimerEvent: {}
[4.422629] (-) TimerEvent: {}
[4.523151] (-) TimerEvent: {}
[4.529894] (sensor) StdoutLine: {'line': b'running egg_info\n'}
[4.531477] (sensor) StdoutLine: {'line': b'creating ../../build/sensor/sensor.egg-info\n'}
[4.532363] (sensor) StdoutLine: {'line': b'writing ../../build/sensor/sensor.egg-info/PKG-INFO\n'}
[4.533499] (sensor) StdoutLine: {'line': b'writing dependency_links to ../../build/sensor/sensor.egg-info/dependency_links.txt\n'}
[4.534363] (sensor) StdoutLine: {'line': b'writing entry points to ../../build/sensor/sensor.egg-info/entry_points.txt\n'}
[4.534583] (sensor) StdoutLine: {'line': b'writing requirements to ../../build/sensor/sensor.egg-info/requires.txt\n'}
[4.534783] (sensor) StdoutLine: {'line': b'writing top-level names to ../../build/sensor/sensor.egg-info/top_level.txt\n'}
[4.535142] (sensor) StdoutLine: {'line': b"writing manifest file '../../build/sensor/sensor.egg-info/SOURCES.txt'\n"}
[4.539513] (sensor) StdoutLine: {'line': b"reading manifest file '../../build/sensor/sensor.egg-info/SOURCES.txt'\n"}
[4.541027] (sensor) StdoutLine: {'line': b"writing manifest file '../../build/sensor/sensor.egg-info/SOURCES.txt'\n"}
[4.541511] (sensor) StdoutLine: {'line': b'running build\n'}
[4.541719] (sensor) StdoutLine: {'line': b'running build_py\n'}
[4.542114] (sensor) StdoutLine: {'line': b'creating /root/ros_ws/build/sensor/build\n'}
[4.542322] (sensor) StdoutLine: {'line': b'creating /root/ros_ws/build/sensor/build/lib\n'}
[4.542491] (sensor) StdoutLine: {'line': b'creating /root/ros_ws/build/sensor/build/lib/sensor\n'}
[4.542648] (sensor) StdoutLine: {'line': b'copying sensor/integrated_sensors.py -> /root/ros_ws/build/sensor/build/lib/sensor\n'}
[4.542884] (sensor) StdoutLine: {'line': b'copying sensor/__init__.py -> /root/ros_ws/build/sensor/build/lib/sensor\n'}
[4.543120] (sensor) StdoutLine: {'line': b'copying sensor/camera.py -> /root/ros_ws/build/sensor/build/lib/sensor\n'}
[4.543292] (sensor) StdoutLine: {'line': b'copying sensor/ultrasonic.py -> /root/ros_ws/build/sensor/build/lib/sensor\n'}
[4.543453] (sensor) StdoutLine: {'line': b'copying sensor/battery.py -> /root/ros_ws/build/sensor/build/lib/sensor\n'}
[4.543678] (sensor) StdoutLine: {'line': b'running install\n'}
[4.544382] (sensor) StdoutLine: {'line': b'running install_lib\n'}
[4.546237] (sensor) StdoutLine: {'line': b'creating /root/ros_ws/install/sensor/lib/python3.10/site-packages/sensor\n'}
[4.546523] (sensor) StdoutLine: {'line': b'copying /root/ros_ws/build/sensor/build/lib/sensor/integrated_sensors.py -> /root/ros_ws/install/sensor/lib/python3.10/site-packages/sensor\n'}
[4.546776] (sensor) StdoutLine: {'line': b'copying /root/ros_ws/build/sensor/build/lib/sensor/__init__.py -> /root/ros_ws/install/sensor/lib/python3.10/site-packages/sensor\n'}
[4.547041] (sensor) StdoutLine: {'line': b'copying /root/ros_ws/build/sensor/build/lib/sensor/camera.py -> /root/ros_ws/install/sensor/lib/python3.10/site-packages/sensor\n'}
[4.547272] (sensor) StdoutLine: {'line': b'copying /root/ros_ws/build/sensor/build/lib/sensor/ultrasonic.py -> /root/ros_ws/install/sensor/lib/python3.10/site-packages/sensor\n'}
[4.547437] (sensor) StdoutLine: {'line': b'copying /root/ros_ws/build/sensor/build/lib/sensor/battery.py -> /root/ros_ws/install/sensor/lib/python3.10/site-packages/sensor\n'}
[4.548328] (sensor) StdoutLine: {'line': b'byte-compiling /root/ros_ws/install/sensor/lib/python3.10/site-packages/sensor/integrated_sensors.py to integrated_sensors.cpython-310.pyc\n'}
[4.550330] (sensor) StdoutLine: {'line': b'byte-compiling /root/ros_ws/install/sensor/lib/python3.10/site-packages/sensor/__init__.py to __init__.cpython-310.pyc\n'}
[4.550688] (sensor) StdoutLine: {'line': b'byte-compiling /root/ros_ws/install/sensor/lib/python3.10/site-packages/sensor/camera.py to camera.cpython-310.pyc\n'}
[4.551699] (sensor) StdoutLine: {'line': b'byte-compiling /root/ros_ws/install/sensor/lib/python3.10/site-packages/sensor/ultrasonic.py to ultrasonic.cpython-310.pyc\n'}
[4.552588] (sensor) StdoutLine: {'line': b'byte-compiling /root/ros_ws/install/sensor/lib/python3.10/site-packages/sensor/battery.py to battery.cpython-310.pyc\n'}
[4.553374] (sensor) StdoutLine: {'line': b'running install_data\n'}
[4.553626] (sensor) StdoutLine: {'line': b'creating /root/ros_ws/install/sensor/share/ament_index\n'}
[4.553942] (sensor) StdoutLine: {'line': b'creating /root/ros_ws/install/sensor/share/ament_index/resource_index\n'}
[4.554165] (sensor) StdoutLine: {'line': b'creating /root/ros_ws/install/sensor/share/ament_index/resource_index/packages\n'}
[4.554393] (sensor) StdoutLine: {'line': b'copying resource/sensor -> /root/ros_ws/install/sensor/share/ament_index/resource_index/packages\n'}
[4.554582] (sensor) StdoutLine: {'line': b'copying package.xml -> /root/ros_ws/install/sensor/share/sensor\n'}
[4.554740] (sensor) StdoutLine: {'line': b'running install_egg_info\n'}
[4.559207] (sensor) StdoutLine: {'line': b'Copying ../../build/sensor/sensor.egg-info to /root/ros_ws/install/sensor/lib/python3.10/site-packages/sensor-0.0.0-py3.10.egg-info\n'}
[4.561637] (sensor) StdoutLine: {'line': b'running install_scripts\n'}
[4.614804] (sensor) StdoutLine: {'line': b'Installing battery script to /root/ros_ws/install/sensor/lib/sensor\n'}
[4.616221] (sensor) StdoutLine: {'line': b'Installing camera script to /root/ros_ws/install/sensor/lib/sensor\n'}
[4.616798] (sensor) StdoutLine: {'line': b'Installing integrated_sensors script to /root/ros_ws/install/sensor/lib/sensor\n'}
[4.617003] (sensor) StdoutLine: {'line': b'Installing ultrasonic script to /root/ros_ws/install/sensor/lib/sensor\n'}
[4.617172] (sensor) StdoutLine: {'line': b"writing list of installed files to '/root/ros_ws/build/sensor/install.log'\n"}
[4.623230] (-) TimerEvent: {}
[4.724489] (-) TimerEvent: {}
[4.733031] (sensor) CommandEnded: {'returncode': 0}
[4.742836] (sensor) JobEnded: {'identifier': 'sensor', 'rc': 0}
[4.824681] (-) TimerEvent: {}
[4.834765] (my_interfaces) StdoutLine: {'line': b'-- Using all available rosidl_typesupport_cpp: rosidl_typesupport_fastrtps_cpp;rosidl_typesupport_introspection_cpp\n'}
[4.893137] (my_interfaces) StdoutLine: {'line': b'-- Found PythonInterp: /usr/bin/python3 (found suitable version "3.10.12", minimum required is "3.6") \n'}
[4.912524] (my_interfaces) StdoutLine: {'line': b'-- Found python_cmake_module: 0.10.0 (/opt/ros/humble/share/python_cmake_module/cmake)\n'}
[4.924756] (-) TimerEvent: {}
[4.979372] (my_interfaces) StdoutLine: {'line': b'-- Found PythonLibs: /usr/lib/aarch64-linux-gnu/libpython3.10.so (found suitable version "3.10.12", minimum required is "3.5") \n'}
[4.979851] (my_interfaces) StdoutLine: {'line': b'-- Using PYTHON_EXECUTABLE: /usr/bin/python3\n'}
[4.980048] (my_interfaces) StdoutLine: {'line': b'-- Using PYTHON_INCLUDE_DIRS: /usr/include/python3.10\n'}
[4.980216] (my_interfaces) StdoutLine: {'line': b'-- Using PYTHON_LIBRARIES: /usr/lib/aarch64-linux-gnu/libpython3.10.so\n'}
[5.024887] (-) TimerEvent: {}
[5.036098] (my_interfaces) StdoutLine: {'line': b'-- Found PythonExtra: .so  \n'}
[5.125057] (-) TimerEvent: {}
[5.126618] (my_interfaces) StdoutLine: {'line': b'-- Found ament_lint_auto: 0.12.14 (/opt/ros/humble/share/ament_lint_auto/cmake)\n'}
[5.161473] (my_interfaces) StdoutLine: {'line': b"-- Added test 'lint_cmake' to check CMake code style\n"}
[5.163768] (my_interfaces) StdoutLine: {'line': b"-- Added test 'xmllint' to check XML markup files\n"}
[5.169659] (my_interfaces) StdoutLine: {'line': b'-- Configuring done\n'}
[5.225214] (-) TimerEvent: {}
[5.233947] (my_interfaces) StdoutLine: {'line': b'-- Generating done\n'}
[5.257718] (my_interfaces) StdoutLine: {'line': b'-- Build files have been written to: /root/ros_ws/build/my_interfaces\n'}
[5.275030] (my_interfaces) CommandEnded: {'returncode': 0}
[5.276358] (my_interfaces) JobProgress: {'identifier': 'my_interfaces', 'progress': 'build'}
[5.277907] (my_interfaces) Command: {'cmd': ['/usr/bin/cmake', '--build', '/root/ros_ws/build/my_interfaces', '--', '-j3', '-l3'], 'cwd': '/root/ros_ws/build/my_interfaces', 'env': OrderedDict([('SHELL', '/bin/bash'), ('ROS_VERSION', '2'), ('COLORTERM', 'truecolor'), ('TERM_PROGRAM_VERSION', '1.105.1'), ('CONDA_EXE', '/usr/local/miniconda3/bin/conda'), ('_CE_M', ''), ('ROS_PYTHON_VERSION', '3'), ('NPU_HOST_INC', '/usr/local/Ascend/ascend-toolkit/latest/runtime/include'), ('NPU_HOST_LIB', '/usr/local/Ascend/ascend-toolkit/latest/runtime/lib64/stub/aarch64'), ('PWD', '/root/ros_ws/build/my_interfaces'), ('LOGNAME', 'root'), ('XDG_SESSION_TYPE', 'tty'), ('VSCODE_GIT_ASKPASS_NODE', '/root/.vscode-server/cli/servers/Stable-7d842fb85a0275a4a8e4d7e040d2625abbf7f084/server/node'), ('MOTD_SHOWN', 'pam'), ('HOME', '/root'), ('LANG', 'C.UTF-8'), ('LS_COLORS', 'rs=0:di=01;34:ln=01;36:mh=00:pi=40;33:so=01;35:do=01;35:bd=40;33;01:cd=40;33;01:or=40;31;01:mi=00:su=37;41:sg=30;43:ca=30;41:tw=30;42:ow=34;42:st=37;44:ex=01;32:*.tar=01;31:*.tgz=01;31:*.arc=01;31:*.arj=01;31:*.taz=01;31:*.lha=01;31:*.lz4=01;31:*.lzh=01;31:*.lzma=01;31:*.tlz=01;31:*.txz=01;31:*.tzo=01;31:*.t7z=01;31:*.zip=01;31:*.z=01;31:*.dz=01;31:*.gz=01;31:*.lrz=01;31:*.lz=01;31:*.lzo=01;31:*.xz=01;31:*.zst=01;31:*.tzst=01;31:*.bz2=01;31:*.bz=01;31:*.tbz=01;31:*.tbz2=01;31:*.tz=01;31:*.deb=01;31:*.rpm=01;31:*.jar=01;31:*.war=01;31:*.ear=01;31:*.sar=01;31:*.rar=01;31:*.alz=01;31:*.ace=01;31:*.zoo=01;31:*.cpio=01;31:*.7z=01;31:*.rz=01;31:*.cab=01;31:*.wim=01;31:*.swm=01;31:*.dwm=01;31:*.esd=01;31:*.jpg=01;35:*.jpeg=01;35:*.mjpg=01;35:*.mjpeg=01;35:*.gif=01;35:*.bmp=01;35:*.pbm=01;35:*.pgm=01;35:*.ppm=01;35:*.tga=01;35:*.xbm=01;35:*.xpm=01;35:*.tif=01;35:*.tiff=01;35:*.png=01;35:*.svg=01;35:*.svgz=01;35:*.mng=01;35:*.pcx=01;35:*.mov=01;35:*.mpg=01;35:*.mpeg=01;35:*.m2v=01;35:*.mkv=01;35:*.webm=01;35:*.webp=01;35:*.ogm=01;35:*.mp4=01;35:*.m4v=01;35:*.mp4v=01;35:*.vob=01;35:*.qt=01;35:*.nuv=01;35:*.wmv=01;35:*.asf=01;35:*.rm=01;35:*.rmvb=01;35:*.flc=01;35:*.avi=01;35:*.fli=01;35:*.flv=01;35:*.gl=01;35:*.dl=01;35:*.xcf=01;35:*.xwd=01;35:*.yuv=01;35:*.cgm=01;35:*.emf=01;35:*.ogv=01;35:*.ogx=01;35:*.aac=00;36:*.au=00;36:*.flac=00;36:*.m4a=00;36:*.mid=00;36:*.midi=00;36:*.mka=00;36:*.mp3=00;36:*.mpc=00;36:*.ogg=00;36:*.ra=00;36:*.wav=00;36:*.oga=00;36:*.opus=00;36:*.spx=00;36:*.xspf=00;36:'), ('SSL_CERT_DIR', '/usr/lib/ssl/certs'), ('AMENT_PREFIX_PATH', '/root/ros_ws/install/sensor:/root/ros_ws/install/decision:/root/ros_ws/install/actuator:/root/ros_ws/install/my_interfaces:/opt/ros/humble'), ('GIT_ASKPASS', '/root/.vscode-server/cli/servers/Stable-7d842fb85a0275a4a8e4d7e040d2625abbf7f084/server/extensions/git/dist/askpass.sh'), ('CMAKE_PREFIX_PATH', '/root/ros_ws/install/my_interfaces:/root/ros_ws/install/sensor:/root/ros_ws/install/decision:/root/ros_ws/install/actuator:/opt/ros/humble'), ('COLCON_PREFIX_PATH', '/root/ros_ws/install'), ('SSH_CONNECTION', '100.69.168.86 58989 100.77.215.50 22'), ('TOOLCHAIN_HOME', '/usr/local/Ascend/ascend-toolkit/latest/toolkit'), ('ASCEND_TOOLKIT_HOME', '/usr/local/Ascend/ascend-toolkit/latest'), ('VSCODE_GIT_ASKPASS_EXTRA_ARGS', ''), ('VSCODE_PYTHON_AUTOACTIVATE_GUARD', '1'), ('LESSCLOSE', '/usr/bin/lesspipe %s %s'), ('XDG_SESSION_CLASS', 'user'), ('PYTHONPATH', '/root/ros_ws/install/sensor/lib/python3.10/site-packages:/root/ros_ws/build/decision:/root/ros_ws/install/decision/lib/python3.10/site-packages:/root/ros_ws/build/actuator:/root/ros_ws/install/actuator/lib/python3.10/site-packages:/root/ros_ws/install/my_interfaces/local/lib/python3.10/dist-packages:/root/ros_ws/build/hiwonder_sdk:/root/ros_ws/install/hiwonder_sdk/lib/python3.10/site-packages:/usr/local/Ascend/ascend-toolkit/latest/python/site-packages:/usr/local/Ascend/ascend-toolkit/latest/opp/built-in/op_impl/ai_core/tbe:/opt/ros/humble/lib/python3.10/site-packages:/opt/ros/humble/local/lib/python3.10/dist-packages:/usr/local/Ascend/ascend-toolkit/latest/python/site-packages:/usr/local/Ascend/ascend-toolkit/latest/opp/built-in/op_impl/ai_core/tbe:/usr/local/Ascend/ascend-toolkit/laster/python/site-packages:/usr/local/Ascend/ascend-toolkit/laster/opp/built-in/op_impl/ai_core/tbe:'), ('COLCON', '1'), ('TERM', 'xterm-256color'), ('_CE_CONDA', ''), ('LESSOPEN', '| /usr/bin/lesspipe %s'), ('USER', 'root'), ('VSCODE_GIT_IPC_HANDLE', '/run/user/0/vscode-git-e56df51451.sock'), ('CONDA_SHLVL', '0'), ('SHLVL', '2'), ('XDG_SESSION_ID', '11'), ('ASCEND_OPP_PATH', '/usr/local/Ascend/ascend-toolkit/latest/opp'), ('CONDA_PYTHON_EXE', '/usr/local/miniconda3/bin/python'), ('LD_LIBRARY_PATH', '/root/ros_ws/install/my_interfaces/lib:/usr/local/Ascend/ascend-toolkit/latest/tools/aml/lib64:/usr/local/Ascend/ascend-toolkit/latest/tools/aml/lib64/plugin:/usr/local/Ascend/ascend-toolkit/latest/lib64:/usr/local/Ascend/ascend-toolkit/latest/lib64/plugin/opskernel:/usr/local/Ascend/ascend-toolkit/latest/lib64/plugin/nnengine:/usr/local/Ascend/ascend-toolkit/latest/opp/built-in/op_impl/ai_core/tbe/op_tiling/lib/linux/aarch64:/var/davinci/driver/lib64:/var/davinci/driver/lib64/common:/var/davinci/driver/lib64/driver:/opt/ros/humble/opt/rviz_ogre_vendor/lib:/opt/ros/humble/lib/aarch64-linux-gnu:/opt/ros/humble/lib:/usr/local/Ascend/ascend-toolkit/latest/tools/aml/lib64:/usr/local/Ascend/ascend-toolkit/latest/tools/aml/lib64/plugin:/usr/local/Ascend/ascend-toolkit/latest/lib64:/usr/local/Ascend/ascend-toolkit/latest/lib64/plugin/opskernel:/usr/local/Ascend/ascend-toolkit/latest/lib64/plugin/nnengine:/usr/local/Ascend/ascend-toolkit/latest/opp/built-in/op_impl/ai_core/tbe/op_tiling/lib/linux/aarch64:/var/davinci/driver/lib64:/var/davinci/driver/lib64/common:/var/davinci/driver/lib64/driver:/usr/local/Ascend/ascend-toolkit/laster/runtime/lib64/stub/aarch64:/usr/local/Ascend/ascend-toolkit/laster/lib64:/usr/local/Ascend/ascend-toolkit/laster/lib64/plugin/opskernel:/usr/local/Ascend/ascend-toolkit/laster/lib64/plugin/nnengine:/usr/local/Ascend/ascend-toolkit/laster/opp/built-in/op_impl/ai_core/tbe/op_tiling:/usr/local/Ascend/driver/lib64:/var/davinci/driver/lib64:/var/davinci/driver/lib64/common:/var/davinci/driver/lib64/driver:'), ('ASCEND_AICPU_PATH', '/usr/local/Ascend/ascend-toolkit/latest'), ('XDG_RUNTIME_DIR', '/run/user/0'), ('SSL_CERT_FILE', '/usr/lib/ssl/certs/ca-certificates.crt'), ('ROS_LOCALHOST_ONLY', '0'), ('SSH_CLIENT', '100.69.168.86 58989 22'), ('VSCODE_GIT_ASKPASS_MAIN', '/root/.vscode-server/cli/servers/Stable-7d842fb85a0275a4a8e4d7e040d2625abbf7f084/server/extensions/git/dist/askpass-main.js'), ('XDG_DATA_DIRS', '/usr/share/gnome:/usr/local/share:/usr/share:/var/lib/snapd/desktop'), ('BROWSER', '/root/.vscode-server/cli/servers/Stable-7d842fb85a0275a4a8e4d7e040d2625abbf7f084/server/bin/helpers/browser.sh'), ('PATH', '/usr/local/Ascend/ascend-toolkit/latest/bin:/usr/local/Ascend/ascend-toolkit/latest/compiler/ccec_compiler/bin:/root/.vscode-server/cli/servers/Stable-7d842fb85a0275a4a8e4d7e040d2625abbf7f084/server/bin/remote-cli:/opt/ros/humble/bin:/usr/local/Ascend/ascend-toolkit/latest/bin:/usr/local/Ascend/ascend-toolkit/latest/compiler/ccec_compiler/bin:/usr/local/miniconda3/condabin:/usr/local/Ascend/ascend-toolkit/laster/bin:/usr/local/Ascend/ascend-toolkit/laster/compiler/ccec_compiler/bin:/usr/local/sbin:/usr/local/bin:/usr/sbin:/usr/bin:/sbin:/bin:/usr/games:/usr/local/games:/snap/bin:/root/.vscode-server/data/User/globalStorage/github.copilot-chat/debugCommand'), ('ASCEND_HOME_PATH', '/usr/local/Ascend/ascend-toolkit/latest'), ('DBUS_SESSION_BUS_ADDRESS', 'unix:path=/run/user/0/bus'), ('ROS_DISTRO', 'humble'), ('TERM_PROGRAM', 'vscode'), ('VSCODE_IPC_HOOK_CLI', '/run/user/0/vscode-ipc-e58d8608-7385-4d7d-944f-9463e9f90ad3.sock'), ('_', '/usr/bin/env')]), 'shell': False}
[5.325371] (-) TimerEvent: {}
[5.388268] (my_interfaces) StdoutLine: {'line': b'[  2%] \x1b[34m\x1b[1mGenerating C++ code for ROS interfaces\x1b[0m\n'}
[5.425497] (-) TimerEvent: {}
[5.526140] (-) TimerEvent: {}
[5.626704] (-) TimerEvent: {}
[5.727234] (-) TimerEvent: {}
[5.827762] (-) TimerEvent: {}
[5.928291] (-) TimerEvent: {}
[6.028817] (-) TimerEvent: {}
[6.129305] (-) TimerEvent: {}
[6.229808] (-) TimerEvent: {}
[6.330301] (-) TimerEvent: {}
[6.430803] (-) TimerEvent: {}
[6.531327] (-) TimerEvent: {}
[6.631920] (-) TimerEvent: {}
[6.732530] (-) TimerEvent: {}
[6.779832] (my_interfaces) StdoutLine: {'line': b'[  2%] Built target my_interfaces__cpp\n'}
[6.832707] (-) TimerEvent: {}
[6.843936] (my_interfaces) StdoutLine: {'line': b'[  2%] Built target ament_cmake_python_copy_my_interfaces\n'}
[6.868011] (my_interfaces) StdoutLine: {'line': b'[  4%] \x1b[34m\x1b[1mGenerating C++ type support dispatch for ROS interfaces\x1b[0m\n'}
[6.932844] (-) TimerEvent: {}
[7.033355] (-) TimerEvent: {}
[7.133855] (-) TimerEvent: {}
[7.234388] (-) TimerEvent: {}
[7.334957] (-) TimerEvent: {}
[7.435480] (-) TimerEvent: {}
[7.535989] (-) TimerEvent: {}
[7.636537] (-) TimerEvent: {}
[7.723471] (my_interfaces) StdoutLine: {'line': b'[  6%] \x1b[32mBuilding CXX object CMakeFiles/my_interfaces__rosidl_typesupport_cpp.dir/rosidl_typesupport_cpp/my_interfaces/srv/armabs__type_support.cpp.o\x1b[0m\n'}
[7.736687] (-) TimerEvent: {}
[7.837265] (-) TimerEvent: {}
[7.937845] (-) TimerEvent: {}
[8.038464] (-) TimerEvent: {}
[8.139091] (-) TimerEvent: {}
[8.239682] (-) TimerEvent: {}
[8.340270] (-) TimerEvent: {}
[8.440919] (-) TimerEvent: {}
[8.510408] (my_interfaces) StdoutLine: {'line': b'[  8%] \x1b[32mBuilding CXX object CMakeFiles/my_interfaces__rosidl_typesupport_cpp.dir/rosidl_typesupport_cpp/my_interfaces/srv/armrel__type_support.cpp.o\x1b[0m\n'}
[8.541077] (-) TimerEvent: {}
[8.641653] (-) TimerEvent: {}
[8.742236] (-) TimerEvent: {}
[8.842827] (-) TimerEvent: {}
[8.943421] (-) TimerEvent: {}
[9.044005] (-) TimerEvent: {}
[9.133674] (my_interfaces) StdoutLine: {'line': b'[ 10%] \x1b[32mBuilding CXX object CMakeFiles/my_interfaces__rosidl_typesupport_cpp.dir/rosidl_typesupport_cpp/my_interfaces/srv/doclamp__type_support.cpp.o\x1b[0m\n'}
[9.144134] (-) TimerEvent: {}
[9.244788] (-) TimerEvent: {}
[9.345357] (-) TimerEvent: {}
[9.445997] (-) TimerEvent: {}
[9.546579] (-) TimerEvent: {}
[9.647165] (-) TimerEvent: {}
[9.747760] (-) TimerEvent: {}
[9.757542] (my_interfaces) StdoutLine: {'line': b'[ 12%] \x1b[32m\x1b[1mLinking CXX shared library libmy_interfaces__rosidl_typesupport_cpp.so\x1b[0m\n'}
[9.844794] (my_interfaces) StdoutLine: {'line': b'[ 12%] Built target my_interfaces__rosidl_typesupport_cpp\n'}
[9.847860] (-) TimerEvent: {}
[9.868389] (my_interfaces) StdoutLine: {'line': b'[ 14%] \x1b[34m\x1b[1mGenerating C++ type support for eProsima Fast-RTPS\x1b[0m\n'}
[9.948016] (-) TimerEvent: {}
[10.063225] (-) TimerEvent: {}
[10.163764] (-) TimerEvent: {}
[10.264303] (-) TimerEvent: {}
[10.364862] (-) TimerEvent: {}
[10.465349] (-) TimerEvent: {}
[10.565856] (-) TimerEvent: {}
[10.666382] (-) TimerEvent: {}
[10.766905] (-) TimerEvent: {}
[10.867446] (-) TimerEvent: {}
[10.968042] (-) TimerEvent: {}
[10.989602] (my_interfaces) StdoutLine: {'line': b'[ 17%] \x1b[32mBuilding CXX object CMakeFiles/my_interfaces__rosidl_typesupport_fastrtps_cpp.dir/rosidl_typesupport_fastrtps_cpp/my_interfaces/srv/detail/dds_fastrtps/armabs__type_support.cpp.o\x1b[0m\n'}
[11.068209] (-) TimerEvent: {}
[11.168861] (-) TimerEvent: {}
[11.269462] (-) TimerEvent: {}
[11.370048] (-) TimerEvent: {}
[11.470649] (-) TimerEvent: {}
[11.571252] (-) TimerEvent: {}
[11.671854] (-) TimerEvent: {}
[11.772471] (-) TimerEvent: {}
[11.873100] (-) TimerEvent: {}
[11.973708] (-) TimerEvent: {}
[12.019352] (my_interfaces) StdoutLine: {'line': b'[ 19%] \x1b[32mBuilding CXX object CMakeFiles/my_interfaces__rosidl_typesupport_fastrtps_cpp.dir/rosidl_typesupport_fastrtps_cpp/my_interfaces/srv/detail/dds_fastrtps/armrel__type_support.cpp.o\x1b[0m\n'}
[12.073875] (-) TimerEvent: {}
[12.174480] (-) TimerEvent: {}
[12.275063] (-) TimerEvent: {}
[12.375643] (-) TimerEvent: {}
[12.476230] (-) TimerEvent: {}
[12.576885] (-) TimerEvent: {}
[12.677470] (-) TimerEvent: {}
[12.778069] (-) TimerEvent: {}
[12.878655] (-) TimerEvent: {}
[12.977291] (my_interfaces) StdoutLine: {'line': b'[ 21%] \x1b[32mBuilding CXX object CMakeFiles/my_interfaces__rosidl_typesupport_fastrtps_cpp.dir/rosidl_typesupport_fastrtps_cpp/my_interfaces/srv/detail/dds_fastrtps/doclamp__type_support.cpp.o\x1b[0m\n'}
[12.978720] (-) TimerEvent: {}
[13.079160] (-) TimerEvent: {}
[13.179735] (-) TimerEvent: {}
[13.280322] (-) TimerEvent: {}
[13.380982] (-) TimerEvent: {}
[13.481602] (-) TimerEvent: {}
[13.582249] (-) TimerEvent: {}
[13.682857] (-) TimerEvent: {}
[13.783440] (-) TimerEvent: {}
[13.884018] (-) TimerEvent: {}
[13.923624] (my_interfaces) StdoutLine: {'line': b'[ 23%] \x1b[32m\x1b[1mLinking CXX shared library libmy_interfaces__rosidl_typesupport_fastrtps_cpp.so\x1b[0m\n'}
[13.984186] (-) TimerEvent: {}
[14.084897] (-) TimerEvent: {}
[14.118851] (my_interfaces) StdoutLine: {'line': b'[ 23%] Built target my_interfaces__rosidl_typesupport_fastrtps_cpp\n'}
[14.141506] (my_interfaces) StdoutLine: {'line': b'[ 25%] \x1b[34m\x1b[1mGenerating C++ introspection for ROS interfaces\x1b[0m\n'}
[14.184989] (-) TimerEvent: {}
[14.285533] (-) TimerEvent: {}
[14.386053] (-) TimerEvent: {}
[14.486583] (-) TimerEvent: {}
[14.587105] (-) TimerEvent: {}
[14.687646] (-) TimerEvent: {}
[14.788174] (-) TimerEvent: {}
[14.888703] (-) TimerEvent: {}
[14.989240] (-) TimerEvent: {}
[15.089853] (-) TimerEvent: {}
[15.154105] (my_interfaces) StdoutLine: {'line': b'[ 27%] \x1b[32mBuilding CXX object CMakeFiles/my_interfaces__rosidl_typesupport_introspection_cpp.dir/rosidl_typesupport_introspection_cpp/my_interfaces/srv/detail/armabs__type_support.cpp.o\x1b[0m\n'}
[15.190009] (-) TimerEvent: {}
[15.290584] (-) TimerEvent: {}
[15.391312] (-) TimerEvent: {}
[15.491914] (-) TimerEvent: {}
[15.592508] (-) TimerEvent: {}
[15.693111] (-) TimerEvent: {}
[15.793707] (-) TimerEvent: {}
[15.894307] (-) TimerEvent: {}
[15.994897] (-) TimerEvent: {}
[16.095493] (-) TimerEvent: {}
[16.098978] (my_interfaces) StdoutLine: {'line': b'[ 29%] \x1b[32mBuilding CXX object CMakeFiles/my_interfaces__rosidl_typesupport_introspection_cpp.dir/rosidl_typesupport_introspection_cpp/my_interfaces/srv/detail/armrel__type_support.cpp.o\x1b[0m\n'}
[16.195668] (-) TimerEvent: {}
[16.296250] (-) TimerEvent: {}
[16.396856] (-) TimerEvent: {}
[16.497436] (-) TimerEvent: {}
[16.598077] (-) TimerEvent: {}
[16.698715] (-) TimerEvent: {}
[16.799303] (-) TimerEvent: {}
[16.899933] (-) TimerEvent: {}
[17.000532] (-) TimerEvent: {}
[17.042669] (my_interfaces) StdoutLine: {'line': b'[ 31%] \x1b[32mBuilding CXX object CMakeFiles/my_interfaces__rosidl_typesupport_introspection_cpp.dir/rosidl_typesupport_introspection_cpp/my_interfaces/srv/detail/doclamp__type_support.cpp.o\x1b[0m\n'}
[17.100742] (-) TimerEvent: {}
[17.201340] (-) TimerEvent: {}
[17.301944] (-) TimerEvent: {}
[17.402536] (-) TimerEvent: {}
[17.503125] (-) TimerEvent: {}
[17.603709] (-) TimerEvent: {}
[17.704302] (-) TimerEvent: {}
[17.804951] (-) TimerEvent: {}
[17.905541] (-) TimerEvent: {}
[17.978939] (my_interfaces) StdoutLine: {'line': b'[ 34%] \x1b[32m\x1b[1mLinking CXX shared library libmy_interfaces__rosidl_typesupport_introspection_cpp.so\x1b[0m\n'}
[18.005708] (-) TimerEvent: {}
[18.066833] (my_interfaces) StdoutLine: {'line': b'[ 34%] Built target my_interfaces__rosidl_typesupport_introspection_cpp\n'}
[18.105842] (-) TimerEvent: {}
[18.206346] (-) TimerEvent: {}
[18.306848] (-) TimerEvent: {}
[18.407356] (-) TimerEvent: {}
[18.507867] (-) TimerEvent: {}
[18.608381] (-) TimerEvent: {}
[18.633299] (my_interfaces) StdoutLine: {'line': b'running egg_info\n'}
[18.634679] (my_interfaces) StdoutLine: {'line': b'creating my_interfaces.egg-info\n'}
[18.635172] (my_interfaces) StdoutLine: {'line': b'writing my_interfaces.egg-info/PKG-INFO\n'}
[18.635580] (my_interfaces) StdoutLine: {'line': b'writing dependency_links to my_interfaces.egg-info/dependency_links.txt\n'}
[18.635925] (my_interfaces) StdoutLine: {'line': b'writing top-level names to my_interfaces.egg-info/top_level.txt\n'}
[18.636407] (my_interfaces) StdoutLine: {'line': b"writing manifest file 'my_interfaces.egg-info/SOURCES.txt'\n"}
[18.641218] (my_interfaces) StdoutLine: {'line': b"reading manifest file 'my_interfaces.egg-info/SOURCES.txt'\n"}
[18.642370] (my_interfaces) StdoutLine: {'line': b"writing manifest file 'my_interfaces.egg-info/SOURCES.txt'\n"}
[18.708548] (-) TimerEvent: {}
[18.737103] (my_interfaces) StdoutLine: {'line': b'[ 34%] Built target ament_cmake_python_build_my_interfaces_egg\n'}
[18.759376] (my_interfaces) StdoutLine: {'line': b'[ 36%] \x1b[34m\x1b[1mGenerating C code for ROS interfaces\x1b[0m\n'}
[18.808770] (-) TimerEvent: {}
[18.909307] (-) TimerEvent: {}
[19.009816] (-) TimerEvent: {}
[19.110333] (-) TimerEvent: {}
[19.210848] (-) TimerEvent: {}
[19.311369] (-) TimerEvent: {}
[19.411870] (-) TimerEvent: {}
[19.512392] (-) TimerEvent: {}
[19.612920] (-) TimerEvent: {}
[19.713445] (-) TimerEvent: {}
[19.813963] (-) TimerEvent: {}
[19.914565] (-) TimerEvent: {}
[20.015158] (-) TimerEvent: {}
[20.113542] (my_interfaces) StdoutLine: {'line': b'[ 38%] \x1b[32mBuilding C object CMakeFiles/my_interfaces__rosidl_generator_c.dir/rosidl_generator_c/my_interfaces/srv/detail/armabs__functions.c.o\x1b[0m\n'}
[20.115230] (-) TimerEvent: {}
[20.215698] (-) TimerEvent: {}
[20.266966] (my_interfaces) StdoutLine: {'line': b'[ 40%] \x1b[32mBuilding C object CMakeFiles/my_interfaces__rosidl_generator_c.dir/rosidl_generator_c/my_interfaces/srv/detail/doclamp__functions.c.o\x1b[0m\n'}
[20.315849] (-) TimerEvent: {}
[20.400792] (my_interfaces) StdoutLine: {'line': b'[ 42%] \x1b[32mBuilding C object CMakeFiles/my_interfaces__rosidl_generator_c.dir/rosidl_generator_c/my_interfaces/srv/detail/armrel__functions.c.o\x1b[0m\n'}
[20.416013] (-) TimerEvent: {}
[20.516604] (-) TimerEvent: {}
[20.534045] (my_interfaces) StdoutLine: {'line': b'[ 44%] \x1b[32m\x1b[1mLinking C shared library libmy_interfaces__rosidl_generator_c.so\x1b[0m\n'}
[20.612794] (my_interfaces) StdoutLine: {'line': b'[ 44%] Built target my_interfaces__rosidl_generator_c\n'}
[20.616787] (-) TimerEvent: {}
[20.637393] (my_interfaces) StdoutLine: {'line': b'[ 46%] \x1b[34m\x1b[1mGenerating C type support for eProsima Fast-RTPS\x1b[0m\n'}
[20.716936] (-) TimerEvent: {}
[20.817482] (-) TimerEvent: {}
[20.918024] (-) TimerEvent: {}
[21.018554] (-) TimerEvent: {}
[21.119074] (-) TimerEvent: {}
[21.219584] (-) TimerEvent: {}
[21.320095] (-) TimerEvent: {}
[21.420611] (-) TimerEvent: {}
[21.521133] (-) TimerEvent: {}
[21.621807] (-) TimerEvent: {}
[21.722402] (-) TimerEvent: {}
[21.727137] (my_interfaces) StdoutLine: {'line': b'[ 48%] \x1b[32mBuilding CXX object CMakeFiles/my_interfaces__rosidl_typesupport_fastrtps_c.dir/rosidl_typesupport_fastrtps_c/my_interfaces/srv/detail/armabs__type_support_c.cpp.o\x1b[0m\n'}
[21.822576] (-) TimerEvent: {}
[21.923158] (-) TimerEvent: {}
[22.024046] (-) TimerEvent: {}
[22.124659] (-) TimerEvent: {}
[22.225269] (-) TimerEvent: {}
[22.325868] (-) TimerEvent: {}
[22.426468] (-) TimerEvent: {}
[22.527061] (-) TimerEvent: {}
[22.579252] (my_interfaces) StdoutLine: {'line': b'[ 51%] \x1b[32mBuilding CXX object CMakeFiles/my_interfaces__rosidl_typesupport_fastrtps_c.dir/rosidl_typesupport_fastrtps_c/my_interfaces/srv/detail/armrel__type_support_c.cpp.o\x1b[0m\n'}
[22.627224] (-) TimerEvent: {}
[22.727817] (-) TimerEvent: {}
[22.828672] (-) TimerEvent: {}
[22.929482] (-) TimerEvent: {}
[23.030061] (-) TimerEvent: {}
[23.130663] (-) TimerEvent: {}
[23.231245] (-) TimerEvent: {}
[23.331835] (-) TimerEvent: {}
[23.408171] (my_interfaces) StdoutLine: {'line': b'[ 53%] \x1b[32mBuilding CXX object CMakeFiles/my_interfaces__rosidl_typesupport_fastrtps_c.dir/rosidl_typesupport_fastrtps_c/my_interfaces/srv/detail/doclamp__type_support_c.cpp.o\x1b[0m\n'}
[23.431987] (-) TimerEvent: {}
[23.532566] (-) TimerEvent: {}
[23.633183] (-) TimerEvent: {}
[23.733767] (-) TimerEvent: {}
[23.834357] (-) TimerEvent: {}
[23.934951] (-) TimerEvent: {}
[24.035544] (-) TimerEvent: {}
[24.136135] (-) TimerEvent: {}
[24.231209] (my_interfaces) StdoutLine: {'line': b'[ 55%] \x1b[32m\x1b[1mLinking CXX shared library libmy_interfaces__rosidl_typesupport_fastrtps_c.so\x1b[0m\n'}
[24.236220] (-) TimerEvent: {}
[24.336727] (-) TimerEvent: {}
[24.434292] (my_interfaces) StdoutLine: {'line': b'[ 55%] Built target my_interfaces__rosidl_typesupport_fastrtps_c\n'}
[24.436910] (-) TimerEvent: {}
[24.457871] (my_interfaces) StdoutLine: {'line': b'[ 57%] \x1b[34m\x1b[1mGenerating C type support dispatch for ROS interfaces\x1b[0m\n'}
[24.537069] (-) TimerEvent: {}
[24.637658] (-) TimerEvent: {}
[24.738182] (-) TimerEvent: {}
[24.838714] (-) TimerEvent: {}
[24.939231] (-) TimerEvent: {}
[25.039757] (-) TimerEvent: {}
[25.140323] (-) TimerEvent: {}
[25.240891] (-) TimerEvent: {}
[25.290874] (my_interfaces) StdoutLine: {'line': b'[ 59%] \x1b[32mBuilding CXX object CMakeFiles/my_interfaces__rosidl_typesupport_c.dir/rosidl_typesupport_c/my_interfaces/srv/armabs__type_support.cpp.o\x1b[0m\n'}
[25.341110] (-) TimerEvent: {}
[25.365290] (my_interfaces) StdoutLine: {'line': b'[ 61%] \x1b[32mBuilding CXX object CMakeFiles/my_interfaces__rosidl_typesupport_c.dir/rosidl_typesupport_c/my_interfaces/srv/armrel__type_support.cpp.o\x1b[0m\n'}
[25.437596] (my_interfaces) StdoutLine: {'line': b'[ 63%] \x1b[32mBuilding CXX object CMakeFiles/my_interfaces__rosidl_typesupport_c.dir/rosidl_typesupport_c/my_interfaces/srv/doclamp__type_support.cpp.o\x1b[0m\n'}
[25.441136] (-) TimerEvent: {}
[25.508148] (my_interfaces) StdoutLine: {'line': b'[ 65%] \x1b[32m\x1b[1mLinking CXX shared library libmy_interfaces__rosidl_typesupport_c.so\x1b[0m\n'}
[25.541317] (-) TimerEvent: {}
[25.593067] (my_interfaces) StdoutLine: {'line': b'[ 65%] Built target my_interfaces__rosidl_typesupport_c\n'}
[25.615639] (my_interfaces) StdoutLine: {'line': b'[ 68%] \x1b[34m\x1b[1mGenerating C introspection for ROS interfaces\x1b[0m\n'}
[25.641449] (-) TimerEvent: {}
[25.741974] (-) TimerEvent: {}
[25.842511] (-) TimerEvent: {}
[25.943036] (-) TimerEvent: {}
[26.043561] (-) TimerEvent: {}
[26.144094] (-) TimerEvent: {}
[26.244594] (-) TimerEvent: {}
[26.345152] (-) TimerEvent: {}
[26.445668] (-) TimerEvent: {}
[26.546196] (-) TimerEvent: {}
[26.635478] (my_interfaces) StdoutLine: {'line': b'[ 70%] \x1b[32mBuilding C object CMakeFiles/my_interfaces__rosidl_typesupport_introspection_c.dir/rosidl_typesupport_introspection_c/my_interfaces/srv/detail/armabs__type_support.c.o\x1b[0m\n'}
[26.646352] (-) TimerEvent: {}
[26.717634] (my_interfaces) StdoutLine: {'line': b'[ 72%] \x1b[32mBuilding C object CMakeFiles/my_interfaces__rosidl_typesupport_introspection_c.dir/rosidl_typesupport_introspection_c/my_interfaces/srv/detail/doclamp__type_support.c.o\x1b[0m\n'}
[26.746504] (-) TimerEvent: {}
[26.796424] (my_interfaces) StdoutLine: {'line': b'[ 74%] \x1b[32mBuilding C object CMakeFiles/my_interfaces__rosidl_typesupport_introspection_c.dir/rosidl_typesupport_introspection_c/my_interfaces/srv/detail/armrel__type_support.c.o\x1b[0m\n'}
[26.846673] (-) TimerEvent: {}
[26.874538] (my_interfaces) StdoutLine: {'line': b'[ 76%] \x1b[32m\x1b[1mLinking C shared library libmy_interfaces__rosidl_typesupport_introspection_c.so\x1b[0m\n'}
[26.937868] (my_interfaces) StdoutLine: {'line': b'[ 76%] Built target my_interfaces__rosidl_typesupport_introspection_c\n'}
[26.946821] (-) TimerEvent: {}
[26.984409] (my_interfaces) StdoutLine: {'line': b'[ 76%] Built target my_interfaces\n'}
[27.030108] (my_interfaces) StdoutLine: {'line': b'[ 78%] \x1b[34m\x1b[1mGenerating Python code for ROS interfaces\x1b[0m\n'}
[27.046948] (-) TimerEvent: {}
[27.147464] (-) TimerEvent: {}
[27.247983] (-) TimerEvent: {}
[27.348522] (-) TimerEvent: {}
[27.449070] (-) TimerEvent: {}
[27.549596] (-) TimerEvent: {}
[27.650116] (-) TimerEvent: {}
[27.750626] (-) TimerEvent: {}
[27.851131] (-) TimerEvent: {}
[27.951649] (-) TimerEvent: {}
[28.052158] (-) TimerEvent: {}
[28.152688] (-) TimerEvent: {}
[28.253197] (-) TimerEvent: {}
[28.353713] (-) TimerEvent: {}
[28.454229] (-) TimerEvent: {}
[28.554719] (-) TimerEvent: {}
[28.655215] (-) TimerEvent: {}
[28.755742] (-) TimerEvent: {}
[28.856337] (-) TimerEvent: {}
[28.932866] (my_interfaces) StdoutLine: {'line': b'[ 78%] Built target my_interfaces__py\n'}
[28.956504] (-) TimerEvent: {}
[28.979069] (my_interfaces) StdoutLine: {'line': b'[ 80%] \x1b[32mBuilding C object CMakeFiles/my_interfaces__rosidl_generator_py.dir/rosidl_generator_py/my_interfaces/srv/_armabs_s.c.o\x1b[0m\n'}
[29.056693] (-) TimerEvent: {}
[29.157269] (-) TimerEvent: {}
[29.257846] (-) TimerEvent: {}
[29.300914] (my_interfaces) StdoutLine: {'line': b'[ 82%] \x1b[32mBuilding C object CMakeFiles/my_interfaces__rosidl_generator_py.dir/rosidl_generator_py/my_interfaces/srv/_doclamp_s.c.o\x1b[0m\n'}
[29.358011] (-) TimerEvent: {}
[29.458613] (-) TimerEvent: {}
[29.541521] (my_interfaces) StdoutLine: {'line': b'[ 85%] \x1b[32mBuilding C object CMakeFiles/my_interfaces__rosidl_generator_py.dir/rosidl_generator_py/my_interfaces/srv/_armrel_s.c.o\x1b[0m\n'}
[29.558745] (-) TimerEvent: {}
[29.659308] (-) TimerEvent: {}
[29.759957] (-) TimerEvent: {}
[29.787768] (my_interfaces) StdoutLine: {'line': b'[ 87%] \x1b[32m\x1b[1mLinking C shared library rosidl_generator_py/my_interfaces/libmy_interfaces__rosidl_generator_py.so\x1b[0m\n'}
[29.860071] (-) TimerEvent: {}
[29.874993] (my_interfaces) StdoutLine: {'line': b'[ 87%] Built target my_interfaces__rosidl_generator_py\n'}
[29.921007] (my_interfaces) StdoutLine: {'line': b'[ 89%] \x1b[32mBuilding C object CMakeFiles/my_interfaces__rosidl_typesupport_fastrtps_c__pyext.dir/rosidl_generator_py/my_interfaces/_my_interfaces_s.ep.rosidl_typesupport_fastrtps_c.c.o\x1b[0m\n'}
[29.960235] (-) TimerEvent: {}
[30.060820] (-) TimerEvent: {}
[30.161452] (-) TimerEvent: {}
[30.173541] (my_interfaces) StdoutLine: {'line': b'[ 91%] \x1b[32m\x1b[1mLinking C shared library rosidl_generator_py/my_interfaces/my_interfaces_s__rosidl_typesupport_fastrtps_c.cpython-310-aarch64-linux-gnu.so\x1b[0m\n'}
[30.246169] (my_interfaces) StdoutLine: {'line': b'[ 91%] Built target my_interfaces__rosidl_typesupport_fastrtps_c__pyext\n'}
[30.261602] (-) TimerEvent: {}
[30.292019] (my_interfaces) StdoutLine: {'line': b'[ 93%] \x1b[32mBuilding C object CMakeFiles/my_interfaces__rosidl_typesupport_c__pyext.dir/rosidl_generator_py/my_interfaces/_my_interfaces_s.ep.rosidl_typesupport_c.c.o\x1b[0m\n'}
[30.361761] (-) TimerEvent: {}
[30.462343] (-) TimerEvent: {}
[30.534868] (my_interfaces) StdoutLine: {'line': b'[ 95%] \x1b[32m\x1b[1mLinking C shared library rosidl_generator_py/my_interfaces/my_interfaces_s__rosidl_typesupport_c.cpython-310-aarch64-linux-gnu.so\x1b[0m\n'}
[30.563273] (-) TimerEvent: {}
[30.605380] (my_interfaces) StdoutLine: {'line': b'[ 95%] Built target my_interfaces__rosidl_typesupport_c__pyext\n'}
[30.650117] (my_interfaces) StdoutLine: {'line': b'[ 97%] \x1b[32mBuilding C object CMakeFiles/my_interfaces__rosidl_typesupport_introspection_c__pyext.dir/rosidl_generator_py/my_interfaces/_my_interfaces_s.ep.rosidl_typesupport_introspection_c.c.o\x1b[0m\n'}
[30.663421] (-) TimerEvent: {}
[30.764002] (-) TimerEvent: {}
[30.864594] (-) TimerEvent: {}
[30.905391] (my_interfaces) StdoutLine: {'line': b'[100%] \x1b[32m\x1b[1mLinking C shared library rosidl_generator_py/my_interfaces/my_interfaces_s__rosidl_typesupport_introspection_c.cpython-310-aarch64-linux-gnu.so\x1b[0m\n'}
[30.964803] (-) TimerEvent: {}
[30.976395] (my_interfaces) StdoutLine: {'line': b'[100%] Built target my_interfaces__rosidl_typesupport_introspection_c__pyext\n'}
[31.001318] (my_interfaces) CommandEnded: {'returncode': 0}
[31.002790] (my_interfaces) JobProgress: {'identifier': 'my_interfaces', 'progress': 'install'}
[31.021843] (my_interfaces) Command: {'cmd': ['/usr/bin/cmake', '--install', '/root/ros_ws/build/my_interfaces'], 'cwd': '/root/ros_ws/build/my_interfaces', 'env': OrderedDict([('SHELL', '/bin/bash'), ('ROS_VERSION', '2'), ('COLORTERM', 'truecolor'), ('TERM_PROGRAM_VERSION', '1.105.1'), ('CONDA_EXE', '/usr/local/miniconda3/bin/conda'), ('_CE_M', ''), ('ROS_PYTHON_VERSION', '3'), ('NPU_HOST_INC', '/usr/local/Ascend/ascend-toolkit/latest/runtime/include'), ('NPU_HOST_LIB', '/usr/local/Ascend/ascend-toolkit/latest/runtime/lib64/stub/aarch64'), ('PWD', '/root/ros_ws/build/my_interfaces'), ('LOGNAME', 'root'), ('XDG_SESSION_TYPE', 'tty'), ('VSCODE_GIT_ASKPASS_NODE', '/root/.vscode-server/cli/servers/Stable-7d842fb85a0275a4a8e4d7e040d2625abbf7f084/server/node'), ('MOTD_SHOWN', 'pam'), ('HOME', '/root'), ('LANG', 'C.UTF-8'), ('LS_COLORS', 'rs=0:di=01;34:ln=01;36:mh=00:pi=40;33:so=01;35:do=01;35:bd=40;33;01:cd=40;33;01:or=40;31;01:mi=00:su=37;41:sg=30;43:ca=30;41:tw=30;42:ow=34;42:st=37;44:ex=01;32:*.tar=01;31:*.tgz=01;31:*.arc=01;31:*.arj=01;31:*.taz=01;31:*.lha=01;31:*.lz4=01;31:*.lzh=01;31:*.lzma=01;31:*.tlz=01;31:*.txz=01;31:*.tzo=01;31:*.t7z=01;31:*.zip=01;31:*.z=01;31:*.dz=01;31:*.gz=01;31:*.lrz=01;31:*.lz=01;31:*.lzo=01;31:*.xz=01;31:*.zst=01;31:*.tzst=01;31:*.bz2=01;31:*.bz=01;31:*.tbz=01;31:*.tbz2=01;31:*.tz=01;31:*.deb=01;31:*.rpm=01;31:*.jar=01;31:*.war=01;31:*.ear=01;31:*.sar=01;31:*.rar=01;31:*.alz=01;31:*.ace=01;31:*.zoo=01;31:*.cpio=01;31:*.7z=01;31:*.rz=01;31:*.cab=01;31:*.wim=01;31:*.swm=01;31:*.dwm=01;31:*.esd=01;31:*.jpg=01;35:*.jpeg=01;35:*.mjpg=01;35:*.mjpeg=01;35:*.gif=01;35:*.bmp=01;35:*.pbm=01;35:*.pgm=01;35:*.ppm=01;35:*.tga=01;35:*.xbm=01;35:*.xpm=01;35:*.tif=01;35:*.tiff=01;35:*.png=01;35:*.svg=01;35:*.svgz=01;35:*.mng=01;35:*.pcx=01;35:*.mov=01;35:*.mpg=01;35:*.mpeg=01;35:*.m2v=01;35:*.mkv=01;35:*.webm=01;35:*.webp=01;35:*.ogm=01;35:*.mp4=01;35:*.m4v=01;35:*.mp4v=01;35:*.vob=01;35:*.qt=01;35:*.nuv=01;35:*.wmv=01;35:*.asf=01;35:*.rm=01;35:*.rmvb=01;35:*.flc=01;35:*.avi=01;35:*.fli=01;35:*.flv=01;35:*.gl=01;35:*.dl=01;35:*.xcf=01;35:*.xwd=01;35:*.yuv=01;35:*.cgm=01;35:*.emf=01;35:*.ogv=01;35:*.ogx=01;35:*.aac=00;36:*.au=00;36:*.flac=00;36:*.m4a=00;36:*.mid=00;36:*.midi=00;36:*.mka=00;36:*.mp3=00;36:*.mpc=00;36:*.ogg=00;36:*.ra=00;36:*.wav=00;36:*.oga=00;36:*.opus=00;36:*.spx=00;36:*.xspf=00;36:'), ('SSL_CERT_DIR', '/usr/lib/ssl/certs'), ('AMENT_PREFIX_PATH', '/root/ros_ws/install/sensor:/root/ros_ws/install/decision:/root/ros_ws/install/actuator:/root/ros_ws/install/my_interfaces:/opt/ros/humble'), ('GIT_ASKPASS', '/root/.vscode-server/cli/servers/Stable-7d842fb85a0275a4a8e4d7e040d2625abbf7f084/server/extensions/git/dist/askpass.sh'), ('CMAKE_PREFIX_PATH', '/root/ros_ws/install/my_interfaces:/root/ros_ws/install/sensor:/root/ros_ws/install/decision:/root/ros_ws/install/actuator:/opt/ros/humble'), ('COLCON_PREFIX_PATH', '/root/ros_ws/install'), ('SSH_CONNECTION', '100.69.168.86 58989 100.77.215.50 22'), ('TOOLCHAIN_HOME', '/usr/local/Ascend/ascend-toolkit/latest/toolkit'), ('ASCEND_TOOLKIT_HOME', '/usr/local/Ascend/ascend-toolkit/latest'), ('VSCODE_GIT_ASKPASS_EXTRA_ARGS', ''), ('VSCODE_PYTHON_AUTOACTIVATE_GUARD', '1'), ('LESSCLOSE', '/usr/bin/lesspipe %s %s'), ('XDG_SESSION_CLASS', 'user'), ('PYTHONPATH', '/root/ros_ws/install/sensor/lib/python3.10/site-packages:/root/ros_ws/build/decision:/root/ros_ws/install/decision/lib/python3.10/site-packages:/root/ros_ws/build/actuator:/root/ros_ws/install/actuator/lib/python3.10/site-packages:/root/ros_ws/install/my_interfaces/local/lib/python3.10/dist-packages:/root/ros_ws/build/hiwonder_sdk:/root/ros_ws/install/hiwonder_sdk/lib/python3.10/site-packages:/usr/local/Ascend/ascend-toolkit/latest/python/site-packages:/usr/local/Ascend/ascend-toolkit/latest/opp/built-in/op_impl/ai_core/tbe:/opt/ros/humble/lib/python3.10/site-packages:/opt/ros/humble/local/lib/python3.10/dist-packages:/usr/local/Ascend/ascend-toolkit/latest/python/site-packages:/usr/local/Ascend/ascend-toolkit/latest/opp/built-in/op_impl/ai_core/tbe:/usr/local/Ascend/ascend-toolkit/laster/python/site-packages:/usr/local/Ascend/ascend-toolkit/laster/opp/built-in/op_impl/ai_core/tbe:'), ('COLCON', '1'), ('TERM', 'xterm-256color'), ('_CE_CONDA', ''), ('LESSOPEN', '| /usr/bin/lesspipe %s'), ('USER', 'root'), ('VSCODE_GIT_IPC_HANDLE', '/run/user/0/vscode-git-e56df51451.sock'), ('CONDA_SHLVL', '0'), ('SHLVL', '2'), ('XDG_SESSION_ID', '11'), ('ASCEND_OPP_PATH', '/usr/local/Ascend/ascend-toolkit/latest/opp'), ('CONDA_PYTHON_EXE', '/usr/local/miniconda3/bin/python'), ('LD_LIBRARY_PATH', '/root/ros_ws/install/my_interfaces/lib:/usr/local/Ascend/ascend-toolkit/latest/tools/aml/lib64:/usr/local/Ascend/ascend-toolkit/latest/tools/aml/lib64/plugin:/usr/local/Ascend/ascend-toolkit/latest/lib64:/usr/local/Ascend/ascend-toolkit/latest/lib64/plugin/opskernel:/usr/local/Ascend/ascend-toolkit/latest/lib64/plugin/nnengine:/usr/local/Ascend/ascend-toolkit/latest/opp/built-in/op_impl/ai_core/tbe/op_tiling/lib/linux/aarch64:/var/davinci/driver/lib64:/var/davinci/driver/lib64/common:/var/davinci/driver/lib64/driver:/opt/ros/humble/opt/rviz_ogre_vendor/lib:/opt/ros/humble/lib/aarch64-linux-gnu:/opt/ros/humble/lib:/usr/local/Ascend/ascend-toolkit/latest/tools/aml/lib64:/usr/local/Ascend/ascend-toolkit/latest/tools/aml/lib64/plugin:/usr/local/Ascend/ascend-toolkit/latest/lib64:/usr/local/Ascend/ascend-toolkit/latest/lib64/plugin/opskernel:/usr/local/Ascend/ascend-toolkit/latest/lib64/plugin/nnengine:/usr/local/Ascend/ascend-toolkit/latest/opp/built-in/op_impl/ai_core/tbe/op_tiling/lib/linux/aarch64:/var/davinci/driver/lib64:/var/davinci/driver/lib64/common:/var/davinci/driver/lib64/driver:/usr/local/Ascend/ascend-toolkit/laster/runtime/lib64/stub/aarch64:/usr/local/Ascend/ascend-toolkit/laster/lib64:/usr/local/Ascend/ascend-toolkit/laster/lib64/plugin/opskernel:/usr/local/Ascend/ascend-toolkit/laster/lib64/plugin/nnengine:/usr/local/Ascend/ascend-toolkit/laster/opp/built-in/op_impl/ai_core/tbe/op_tiling:/usr/local/Ascend/driver/lib64:/var/davinci/driver/lib64:/var/davinci/driver/lib64/common:/var/davinci/driver/lib64/driver:'), ('ASCEND_AICPU_PATH', '/usr/local/Ascend/ascend-toolkit/latest'), ('XDG_RUNTIME_DIR', '/run/user/0'), ('SSL_CERT_FILE', '/usr/lib/ssl/certs/ca-certificates.crt'), ('ROS_LOCALHOST_ONLY', '0'), ('SSH_CLIENT', '100.69.168.86 58989 22'), ('VSCODE_GIT_ASKPASS_MAIN', '/root/.vscode-server/cli/servers/Stable-7d842fb85a0275a4a8e4d7e040d2625abbf7f084/server/extensions/git/dist/askpass-main.js'), ('XDG_DATA_DIRS', '/usr/share/gnome:/usr/local/share:/usr/share:/var/lib/snapd/desktop'), ('BROWSER', '/root/.vscode-server/cli/servers/Stable-7d842fb85a0275a4a8e4d7e040d2625abbf7f084/server/bin/helpers/browser.sh'), ('PATH', '/usr/local/Ascend/ascend-toolkit/latest/bin:/usr/local/Ascend/ascend-toolkit/latest/compiler/ccec_compiler/bin:/root/.vscode-server/cli/servers/Stable-7d842fb85a0275a4a8e4d7e040d2625abbf7f084/server/bin/remote-cli:/opt/ros/humble/bin:/usr/local/Ascend/ascend-toolkit/latest/bin:/usr/local/Ascend/ascend-toolkit/latest/compiler/ccec_compiler/bin:/usr/local/miniconda3/condabin:/usr/local/Ascend/ascend-toolkit/laster/bin:/usr/local/Ascend/ascend-toolkit/laster/compiler/ccec_compiler/bin:/usr/local/sbin:/usr/local/bin:/usr/sbin:/usr/bin:/sbin:/bin:/usr/games:/usr/local/games:/snap/bin:/root/.vscode-server/data/User/globalStorage/github.copilot-chat/debugCommand'), ('ASCEND_HOME_PATH', '/usr/local/Ascend/ascend-toolkit/latest'), ('DBUS_SESSION_BUS_ADDRESS', 'unix:path=/run/user/0/bus'), ('ROS_DISTRO', 'humble'), ('TERM_PROGRAM', 'vscode'), ('VSCODE_IPC_HOOK_CLI', '/run/user/0/vscode-ipc-e58d8608-7385-4d7d-944f-9463e9f90ad3.sock'), ('_', '/usr/bin/env')]), 'shell': False}
[31.041792] (my_interfaces) StdoutLine: {'line': b'-- Install configuration: ""\n'}
[31.042817] (my_interfaces) StdoutLine: {'line': b'-- Installing: /root/ros_ws/install/my_interfaces/share/ament_index/resource_index/rosidl_interfaces/my_interfaces\n'}
[31.043120] (my_interfaces) StdoutLine: {'line': b'-- Installing: /root/ros_ws/install/my_interfaces/include/my_interfaces/my_interfaces\n'}
[31.043324] (my_interfaces) StdoutLine: {'line': b'-- Installing: /root/ros_ws/install/my_interfaces/include/my_interfaces/my_interfaces/msg\n'}
[31.043516] (my_interfaces) StdoutLine: {'line': b'-- Installing: /root/ros_ws/install/my_interfaces/include/my_interfaces/my_interfaces/msg/rosidl_generator_c__visibility_control.h\n'}
[31.043734] (my_interfaces) StdoutLine: {'line': b'-- Installing: /root/ros_ws/install/my_interfaces/include/my_interfaces/my_interfaces/srv\n'}
[31.043925] (my_interfaces) StdoutLine: {'line': b'-- Installing: /root/ros_ws/install/my_interfaces/include/my_interfaces/my_interfaces/srv/doclamp.h\n'}
[31.044115] (my_interfaces) StdoutLine: {'line': b'-- Installing: /root/ros_ws/install/my_interfaces/include/my_interfaces/my_interfaces/srv/detail\n'}
[31.044301] (my_interfaces) StdoutLine: {'line': b'-- Installing: /root/ros_ws/install/my_interfaces/include/my_interfaces/my_interfaces/srv/detail/armabs__functions.c\n'}
[31.044514] (my_interfaces) StdoutLine: {'line': b'-- Installing: /root/ros_ws/install/my_interfaces/include/my_interfaces/my_interfaces/srv/detail/doclamp__type_support.h\n'}
[31.044746] (my_interfaces) StdoutLine: {'line': b'-- Installing: /root/ros_ws/install/my_interfaces/include/my_interfaces/my_interfaces/srv/detail/armrel__functions.h\n'}
[31.044940] (my_interfaces) StdoutLine: {'line': b'-- Installing: /root/ros_ws/install/my_interfaces/include/my_interfaces/my_interfaces/srv/detail/armrel__functions.c\n'}
[31.045128] (my_interfaces) StdoutLine: {'line': b'-- Installing: /root/ros_ws/install/my_interfaces/include/my_interfaces/my_interfaces/srv/detail/armrel__struct.h\n'}
[31.045319] (my_interfaces) StdoutLine: {'line': b'-- Installing: /root/ros_ws/install/my_interfaces/include/my_interfaces/my_interfaces/srv/detail/doclamp__functions.h\n'}
[31.045509] (my_interfaces) StdoutLine: {'line': b'-- Installing: /root/ros_ws/install/my_interfaces/include/my_interfaces/my_interfaces/srv/detail/armabs__type_support.h\n'}
[31.045668] (my_interfaces) StdoutLine: {'line': b'-- Installing: /root/ros_ws/install/my_interfaces/include/my_interfaces/my_interfaces/srv/detail/doclamp__struct.h\n'}
[31.045854] (my_interfaces) StdoutLine: {'line': b'-- Installing: /root/ros_ws/install/my_interfaces/include/my_interfaces/my_interfaces/srv/detail/armabs__struct.h\n'}
[31.046040] (my_interfaces) StdoutLine: {'line': b'-- Installing: /root/ros_ws/install/my_interfaces/include/my_interfaces/my_interfaces/srv/detail/armabs__functions.h\n'}
[31.046198] (my_interfaces) StdoutLine: {'line': b'-- Installing: /root/ros_ws/install/my_interfaces/include/my_interfaces/my_interfaces/srv/detail/doclamp__functions.c\n'}
[31.046407] (my_interfaces) StdoutLine: {'line': b'-- Installing: /root/ros_ws/install/my_interfaces/include/my_interfaces/my_interfaces/srv/detail/armrel__type_support.h\n'}
[31.046566] (my_interfaces) StdoutLine: {'line': b'-- Installing: /root/ros_ws/install/my_interfaces/include/my_interfaces/my_interfaces/srv/armabs.h\n'}
[31.046718] (my_interfaces) StdoutLine: {'line': b'-- Installing: /root/ros_ws/install/my_interfaces/include/my_interfaces/my_interfaces/srv/armrel.h\n'}
[31.046938] (my_interfaces) StdoutLine: {'line': b'-- Installing: /root/ros_ws/install/my_interfaces/share/my_interfaces/environment/library_path.sh\n'}
[31.047161] (my_interfaces) StdoutLine: {'line': b'-- Installing: /root/ros_ws/install/my_interfaces/share/my_interfaces/environment/library_path.dsv\n'}
[31.047363] (my_interfaces) StdoutLine: {'line': b'-- Installing: /root/ros_ws/install/my_interfaces/lib/libmy_interfaces__rosidl_generator_c.so\n'}
[31.047552] (my_interfaces) StdoutLine: {'line': b'-- Set runtime path of "/root/ros_ws/install/my_interfaces/lib/libmy_interfaces__rosidl_generator_c.so" to ""\n'}
[31.047754] (my_interfaces) StdoutLine: {'line': b'-- Up-to-date: /root/ros_ws/install/my_interfaces/include/my_interfaces/my_interfaces\n'}
[31.047916] (my_interfaces) StdoutLine: {'line': b'-- Up-to-date: /root/ros_ws/install/my_interfaces/include/my_interfaces/my_interfaces/msg\n'}
[31.048139] (my_interfaces) StdoutLine: {'line': b'-- Installing: /root/ros_ws/install/my_interfaces/include/my_interfaces/my_interfaces/msg/rosidl_typesupport_fastrtps_c__visibility_control.h\n'}
[31.048303] (my_interfaces) StdoutLine: {'line': b'-- Up-to-date: /root/ros_ws/install/my_interfaces/include/my_interfaces/my_interfaces/srv\n'}
[31.048456] (my_interfaces) StdoutLine: {'line': b'-- Up-to-date: /root/ros_ws/install/my_interfaces/include/my_interfaces/my_interfaces/srv/detail\n'}
[31.048754] (my_interfaces) StdoutLine: {'line': b'-- Installing: /root/ros_ws/install/my_interfaces/include/my_interfaces/my_interfaces/srv/detail/doclamp__rosidl_typesupport_fastrtps_c.h\n'}
[31.049092] (my_interfaces) StdoutLine: {'line': b'-- Installing: /root/ros_ws/install/my_interfaces/include/my_interfaces/my_interfaces/srv/detail/armrel__rosidl_typesupport_fastrtps_c.h\n'}
[31.049406] (my_interfaces) StdoutLine: {'line': b'-- Installing: /root/ros_ws/install/my_interfaces/include/my_interfaces/my_interfaces/srv/detail/armabs__rosidl_typesupport_fastrtps_c.h\n'}
[31.049689] (my_interfaces) StdoutLine: {'line': b'-- Installing: /root/ros_ws/install/my_interfaces/lib/libmy_interfaces__rosidl_typesupport_fastrtps_c.so\n'}
[31.049966] (my_interfaces) StdoutLine: {'line': b'-- Set runtime path of "/root/ros_ws/install/my_interfaces/lib/libmy_interfaces__rosidl_typesupport_fastrtps_c.so" to ""\n'}
[31.050211] (my_interfaces) StdoutLine: {'line': b'-- Up-to-date: /root/ros_ws/install/my_interfaces/include/my_interfaces/my_interfaces\n'}
[31.050427] (my_interfaces) StdoutLine: {'line': b'-- Up-to-date: /root/ros_ws/install/my_interfaces/include/my_interfaces/my_interfaces/msg\n'}
[31.050656] (my_interfaces) StdoutLine: {'line': b'-- Installing: /root/ros_ws/install/my_interfaces/include/my_interfaces/my_interfaces/msg/rosidl_typesupport_introspection_c__visibility_control.h\n'}
[31.050842] (my_interfaces) StdoutLine: {'line': b'-- Up-to-date: /root/ros_ws/install/my_interfaces/include/my_interfaces/my_interfaces/srv\n'}
[31.050998] (my_interfaces) StdoutLine: {'line': b'-- Up-to-date: /root/ros_ws/install/my_interfaces/include/my_interfaces/my_interfaces/srv/detail\n'}
[31.051413] (my_interfaces) StdoutLine: {'line': b'-- Installing: /root/ros_ws/install/my_interfaces/include/my_interfaces/my_interfaces/srv/detail/doclamp__type_support.c\n'}
[31.051592] (my_interfaces) StdoutLine: {'line': b'-- Installing: /root/ros_ws/install/my_interfaces/include/my_interfaces/my_interfaces/srv/detail/armrel__type_support.c\n'}
[31.051751] (my_interfaces) StdoutLine: {'line': b'-- Installing: /root/ros_ws/install/my_interfaces/include/my_interfaces/my_interfaces/srv/detail/armabs__rosidl_typesupport_introspection_c.h\n'}
[31.052091] (my_interfaces) StdoutLine: {'line': b'-- Installing: /root/ros_ws/install/my_interfaces/include/my_interfaces/my_interfaces/srv/detail/armabs__type_support.c\n'}
[31.052337] (my_interfaces) StdoutLine: {'line': b'-- Installing: /root/ros_ws/install/my_interfaces/include/my_interfaces/my_interfaces/srv/detail/armrel__rosidl_typesupport_introspection_c.h\n'}
[31.052577] (my_interfaces) StdoutLine: {'line': b'-- Installing: /root/ros_ws/install/my_interfaces/include/my_interfaces/my_interfaces/srv/detail/doclamp__rosidl_typesupport_introspection_c.h\n'}
[31.053321] (my_interfaces) StdoutLine: {'line': b'-- Installing: /root/ros_ws/install/my_interfaces/lib/libmy_interfaces__rosidl_typesupport_introspection_c.so\n'}
[31.053601] (my_interfaces) StdoutLine: {'line': b'-- Set runtime path of "/root/ros_ws/install/my_interfaces/lib/libmy_interfaces__rosidl_typesupport_introspection_c.so" to ""\n'}
[31.053875] (my_interfaces) StdoutLine: {'line': b'-- Installing: /root/ros_ws/install/my_interfaces/lib/libmy_interfaces__rosidl_typesupport_c.so\n'}
[31.054095] (my_interfaces) StdoutLine: {'line': b'-- Set runtime path of "/root/ros_ws/install/my_interfaces/lib/libmy_interfaces__rosidl_typesupport_c.so" to ""\n'}
[31.054293] (my_interfaces) StdoutLine: {'line': b'-- Up-to-date: /root/ros_ws/install/my_interfaces/include/my_interfaces/my_interfaces\n'}
[31.054508] (my_interfaces) StdoutLine: {'line': b'-- Up-to-date: /root/ros_ws/install/my_interfaces/include/my_interfaces/my_interfaces/msg\n'}
[31.054701] (my_interfaces) StdoutLine: {'line': b'-- Installing: /root/ros_ws/install/my_interfaces/include/my_interfaces/my_interfaces/msg/rosidl_generator_cpp__visibility_control.hpp\n'}
[31.054889] (my_interfaces) StdoutLine: {'line': b'-- Up-to-date: /root/ros_ws/install/my_interfaces/include/my_interfaces/my_interfaces/srv\n'}
[31.055074] (my_interfaces) StdoutLine: {'line': b'-- Installing: /root/ros_ws/install/my_interfaces/include/my_interfaces/my_interfaces/srv/armabs.hpp\n'}
[31.055257] (my_interfaces) StdoutLine: {'line': b'-- Installing: /root/ros_ws/install/my_interfaces/include/my_interfaces/my_interfaces/srv/doclamp.hpp\n'}
[31.055481] (my_interfaces) StdoutLine: {'line': b'-- Up-to-date: /root/ros_ws/install/my_interfaces/include/my_interfaces/my_interfaces/srv/detail\n'}
[31.055687] (my_interfaces) StdoutLine: {'line': b'-- Installing: /root/ros_ws/install/my_interfaces/include/my_interfaces/my_interfaces/srv/detail/doclamp__struct.hpp\n'}
[31.055918] (my_interfaces) StdoutLine: {'line': b'-- Installing: /root/ros_ws/install/my_interfaces/include/my_interfaces/my_interfaces/srv/detail/armrel__builder.hpp\n'}
[31.056110] (my_interfaces) StdoutLine: {'line': b'-- Installing: /root/ros_ws/install/my_interfaces/include/my_interfaces/my_interfaces/srv/detail/armabs__traits.hpp\n'}
[31.056294] (my_interfaces) StdoutLine: {'line': b'-- Installing: /root/ros_ws/install/my_interfaces/include/my_interfaces/my_interfaces/srv/detail/armabs__type_support.hpp\n'}
[31.056472] (my_interfaces) StdoutLine: {'line': b'-- Installing: /root/ros_ws/install/my_interfaces/include/my_interfaces/my_interfaces/srv/detail/armrel__type_support.hpp\n'}
[31.056677] (my_interfaces) StdoutLine: {'line': b'-- Installing: /root/ros_ws/install/my_interfaces/include/my_interfaces/my_interfaces/srv/detail/armrel__traits.hpp\n'}
[31.056847] (my_interfaces) StdoutLine: {'line': b'-- Installing: /root/ros_ws/install/my_interfaces/include/my_interfaces/my_interfaces/srv/detail/doclamp__builder.hpp\n'}
[31.057004] (my_interfaces) StdoutLine: {'line': b'-- Installing: /root/ros_ws/install/my_interfaces/include/my_interfaces/my_interfaces/srv/detail/armabs__builder.hpp\n'}
[31.057155] (my_interfaces) StdoutLine: {'line': b'-- Installing: /root/ros_ws/install/my_interfaces/include/my_interfaces/my_interfaces/srv/detail/armabs__struct.hpp\n'}
[31.057317] (my_interfaces) StdoutLine: {'line': b'-- Installing: /root/ros_ws/install/my_interfaces/include/my_interfaces/my_interfaces/srv/detail/doclamp__traits.hpp\n'}
[31.057473] (my_interfaces) StdoutLine: {'line': b'-- Installing: /root/ros_ws/install/my_interfaces/include/my_interfaces/my_interfaces/srv/detail/doclamp__type_support.hpp\n'}
[31.057744] (my_interfaces) StdoutLine: {'line': b'-- Installing: /root/ros_ws/install/my_interfaces/include/my_interfaces/my_interfaces/srv/detail/armrel__struct.hpp\n'}
[31.057929] (my_interfaces) StdoutLine: {'line': b'-- Installing: /root/ros_ws/install/my_interfaces/include/my_interfaces/my_interfaces/srv/armrel.hpp\n'}
[31.058106] (my_interfaces) StdoutLine: {'line': b'-- Up-to-date: /root/ros_ws/install/my_interfaces/include/my_interfaces/my_interfaces\n'}
[31.058287] (my_interfaces) StdoutLine: {'line': b'-- Up-to-date: /root/ros_ws/install/my_interfaces/include/my_interfaces/my_interfaces/msg\n'}
[31.058468] (my_interfaces) StdoutLine: {'line': b'-- Installing: /root/ros_ws/install/my_interfaces/include/my_interfaces/my_interfaces/msg/rosidl_typesupport_fastrtps_cpp__visibility_control.h\n'}
[31.058646] (my_interfaces) StdoutLine: {'line': b'-- Up-to-date: /root/ros_ws/install/my_interfaces/include/my_interfaces/my_interfaces/srv\n'}
[31.058801] (my_interfaces) StdoutLine: {'line': b'-- Up-to-date: /root/ros_ws/install/my_interfaces/include/my_interfaces/my_interfaces/srv/detail\n'}
[31.058950] (my_interfaces) StdoutLine: {'line': b'-- Installing: /root/ros_ws/install/my_interfaces/include/my_interfaces/my_interfaces/srv/detail/dds_fastrtps\n'}
[31.059097] (my_interfaces) StdoutLine: {'line': b'-- Installing: /root/ros_ws/install/my_interfaces/include/my_interfaces/my_interfaces/srv/detail/armabs__rosidl_typesupport_fastrtps_cpp.hpp\n'}
[31.059328] (my_interfaces) StdoutLine: {'line': b'-- Installing: /root/ros_ws/install/my_interfaces/include/my_interfaces/my_interfaces/srv/detail/doclamp__rosidl_typesupport_fastrtps_cpp.hpp\n'}
[31.059541] (my_interfaces) StdoutLine: {'line': b'-- Installing: /root/ros_ws/install/my_interfaces/include/my_interfaces/my_interfaces/srv/detail/armrel__rosidl_typesupport_fastrtps_cpp.hpp\n'}
[31.059700] (my_interfaces) StdoutLine: {'line': b'-- Installing: /root/ros_ws/install/my_interfaces/lib/libmy_interfaces__rosidl_typesupport_fastrtps_cpp.so\n'}
[31.059866] (my_interfaces) StdoutLine: {'line': b'-- Set runtime path of "/root/ros_ws/install/my_interfaces/lib/libmy_interfaces__rosidl_typesupport_fastrtps_cpp.so" to ""\n'}
[31.060137] (my_interfaces) StdoutLine: {'line': b'-- Up-to-date: /root/ros_ws/install/my_interfaces/include/my_interfaces/my_interfaces\n'}
[31.060361] (my_interfaces) StdoutLine: {'line': b'-- Up-to-date: /root/ros_ws/install/my_interfaces/include/my_interfaces/my_interfaces/srv\n'}
[31.060563] (my_interfaces) StdoutLine: {'line': b'-- Up-to-date: /root/ros_ws/install/my_interfaces/include/my_interfaces/my_interfaces/srv/detail\n'}
[31.060830] (my_interfaces) StdoutLine: {'line': b'-- Installing: /root/ros_ws/install/my_interfaces/include/my_interfaces/my_interfaces/srv/detail/armabs__rosidl_typesupport_introspection_cpp.hpp\n'}
[31.061025] (my_interfaces) StdoutLine: {'line': b'-- Installing: /root/ros_ws/install/my_interfaces/include/my_interfaces/my_interfaces/srv/detail/armrel__rosidl_typesupport_introspection_cpp.hpp\n'}
[31.061253] (my_interfaces) StdoutLine: {'line': b'-- Installing: /root/ros_ws/install/my_interfaces/include/my_interfaces/my_interfaces/srv/detail/armabs__type_support.cpp\n'}
[31.061418] (my_interfaces) StdoutLine: {'line': b'-- Installing: /root/ros_ws/install/my_interfaces/include/my_interfaces/my_interfaces/srv/detail/doclamp__rosidl_typesupport_introspection_cpp.hpp\n'}
[31.061630] (my_interfaces) StdoutLine: {'line': b'-- Installing: /root/ros_ws/install/my_interfaces/include/my_interfaces/my_interfaces/srv/detail/doclamp__type_support.cpp\n'}
[31.061793] (my_interfaces) StdoutLine: {'line': b'-- Installing: /root/ros_ws/install/my_interfaces/include/my_interfaces/my_interfaces/srv/detail/armrel__type_support.cpp\n'}
[31.062000] (my_interfaces) StdoutLine: {'line': b'-- Installing: /root/ros_ws/install/my_interfaces/lib/libmy_interfaces__rosidl_typesupport_introspection_cpp.so\n'}
[31.062159] (my_interfaces) StdoutLine: {'line': b'-- Set runtime path of "/root/ros_ws/install/my_interfaces/lib/libmy_interfaces__rosidl_typesupport_introspection_cpp.so" to ""\n'}
[31.062343] (my_interfaces) StdoutLine: {'line': b'-- Installing: /root/ros_ws/install/my_interfaces/lib/libmy_interfaces__rosidl_typesupport_cpp.so\n'}
[31.062549] (my_interfaces) StdoutLine: {'line': b'-- Set runtime path of "/root/ros_ws/install/my_interfaces/lib/libmy_interfaces__rosidl_typesupport_cpp.so" to ""\n'}
[31.062735] (my_interfaces) StdoutLine: {'line': b'-- Installing: /root/ros_ws/install/my_interfaces/share/my_interfaces/environment/pythonpath.sh\n'}
[31.062916] (my_interfaces) StdoutLine: {'line': b'-- Installing: /root/ros_ws/install/my_interfaces/share/my_interfaces/environment/pythonpath.dsv\n'}
[31.063122] (my_interfaces) StdoutLine: {'line': b'-- Installing: /root/ros_ws/install/my_interfaces/local/lib/python3.10/dist-packages/my_interfaces-0.0.0-py3.10.egg-info\n'}
[31.063306] (my_interfaces) StdoutLine: {'line': b'-- Installing: /root/ros_ws/install/my_interfaces/local/lib/python3.10/dist-packages/my_interfaces-0.0.0-py3.10.egg-info/top_level.txt\n'}
[31.063507] (my_interfaces) StdoutLine: {'line': b'-- Installing: /root/ros_ws/install/my_interfaces/local/lib/python3.10/dist-packages/my_interfaces-0.0.0-py3.10.egg-info/PKG-INFO\n'}
[31.063692] (my_interfaces) StdoutLine: {'line': b'-- Installing: /root/ros_ws/install/my_interfaces/local/lib/python3.10/dist-packages/my_interfaces-0.0.0-py3.10.egg-info/SOURCES.txt\n'}
[31.063894] (my_interfaces) StdoutLine: {'line': b'-- Installing: /root/ros_ws/install/my_interfaces/local/lib/python3.10/dist-packages/my_interfaces-0.0.0-py3.10.egg-info/dependency_links.txt\n'}
[31.064080] (my_interfaces) StdoutLine: {'line': b'-- Installing: /root/ros_ws/install/my_interfaces/local/lib/python3.10/dist-packages/my_interfaces\n'}
[31.064248] (my_interfaces) StdoutLine: {'line': b'-- Installing: /root/ros_ws/install/my_interfaces/local/lib/python3.10/dist-packages/my_interfaces/_my_interfaces_s.ep.rosidl_typesupport_fastrtps_c.c\n'}
[31.064435] (my_interfaces) StdoutLine: {'line': b'-- Installing: /root/ros_ws/install/my_interfaces/local/lib/python3.10/dist-packages/my_interfaces/__init__.py\n'}
[31.064586] (my_interfaces) StdoutLine: {'line': b'-- Installing: /root/ros_ws/install/my_interfaces/local/lib/python3.10/dist-packages/my_interfaces/_my_interfaces_s.ep.rosidl_typesupport_introspection_c.c\n'}
[31.064765] (my_interfaces) StdoutLine: {'line': b'-- Installing: /root/ros_ws/install/my_interfaces/local/lib/python3.10/dist-packages/my_interfaces/my_interfaces_s__rosidl_typesupport_c.cpython-310-aarch64-linux-gnu.so\n'}
[31.064915] (-) TimerEvent: {}
[31.065154] (my_interfaces) StdoutLine: {'line': b'-- Installing: /root/ros_ws/install/my_interfaces/local/lib/python3.10/dist-packages/my_interfaces/libmy_interfaces__rosidl_generator_py.so\n'}
[31.065337] (my_interfaces) StdoutLine: {'line': b'-- Installing: /root/ros_ws/install/my_interfaces/local/lib/python3.10/dist-packages/my_interfaces/_my_interfaces_s.ep.rosidl_typesupport_c.c\n'}
[31.065493] (my_interfaces) StdoutLine: {'line': b'-- Installing: /root/ros_ws/install/my_interfaces/local/lib/python3.10/dist-packages/my_interfaces/srv\n'}
[31.065669] (my_interfaces) StdoutLine: {'line': b'-- Installing: /root/ros_ws/install/my_interfaces/local/lib/python3.10/dist-packages/my_interfaces/srv/__init__.py\n'}
[31.065823] (my_interfaces) StdoutLine: {'line': b'-- Installing: /root/ros_ws/install/my_interfaces/local/lib/python3.10/dist-packages/my_interfaces/srv/_armrel.py\n'}
[31.065972] (my_interfaces) StdoutLine: {'line': b'-- Installing: /root/ros_ws/install/my_interfaces/local/lib/python3.10/dist-packages/my_interfaces/srv/_doclamp_s.c\n'}
[31.066120] (my_interfaces) StdoutLine: {'line': b'-- Installing: /root/ros_ws/install/my_interfaces/local/lib/python3.10/dist-packages/my_interfaces/srv/_doclamp.py\n'}
[31.066265] (my_interfaces) StdoutLine: {'line': b'-- Installing: /root/ros_ws/install/my_interfaces/local/lib/python3.10/dist-packages/my_interfaces/srv/_armabs.py\n'}
[31.066411] (my_interfaces) StdoutLine: {'line': b'-- Installing: /root/ros_ws/install/my_interfaces/local/lib/python3.10/dist-packages/my_interfaces/srv/_armrel_s.c\n'}
[31.066559] (my_interfaces) StdoutLine: {'line': b'-- Installing: /root/ros_ws/install/my_interfaces/local/lib/python3.10/dist-packages/my_interfaces/srv/_armabs_s.c\n'}
[31.066704] (my_interfaces) StdoutLine: {'line': b'-- Installing: /root/ros_ws/install/my_interfaces/local/lib/python3.10/dist-packages/my_interfaces/my_interfaces_s__rosidl_typesupport_introspection_c.cpython-310-aarch64-linux-gnu.so\n'}
[31.066848] (my_interfaces) StdoutLine: {'line': b'-- Installing: /root/ros_ws/install/my_interfaces/local/lib/python3.10/dist-packages/my_interfaces/my_interfaces_s__rosidl_typesupport_fastrtps_c.cpython-310-aarch64-linux-gnu.so\n'}
[31.165080] (-) TimerEvent: {}
[31.167440] (my_interfaces) StdoutLine: {'line': b"Listing '/root/ros_ws/install/my_interfaces/local/lib/python3.10/dist-packages/my_interfaces'...\n"}
[31.167796] (my_interfaces) StdoutLine: {'line': b"Compiling '/root/ros_ws/install/my_interfaces/local/lib/python3.10/dist-packages/my_interfaces/__init__.py'...\n"}
[31.167988] (my_interfaces) StdoutLine: {'line': b"Listing '/root/ros_ws/install/my_interfaces/local/lib/python3.10/dist-packages/my_interfaces/srv'...\n"}
[31.168156] (my_interfaces) StdoutLine: {'line': b"Compiling '/root/ros_ws/install/my_interfaces/local/lib/python3.10/dist-packages/my_interfaces/srv/__init__.py'...\n"}
[31.168315] (my_interfaces) StdoutLine: {'line': b"Compiling '/root/ros_ws/install/my_interfaces/local/lib/python3.10/dist-packages/my_interfaces/srv/_armabs.py'...\n"}
[31.168472] (my_interfaces) StdoutLine: {'line': b"Compiling '/root/ros_ws/install/my_interfaces/local/lib/python3.10/dist-packages/my_interfaces/srv/_armrel.py'...\n"}
[31.168698] (my_interfaces) StdoutLine: {'line': b"Compiling '/root/ros_ws/install/my_interfaces/local/lib/python3.10/dist-packages/my_interfaces/srv/_doclamp.py'...\n"}
[31.185975] (my_interfaces) StdoutLine: {'line': b'-- Installing: /root/ros_ws/install/my_interfaces/local/lib/python3.10/dist-packages/my_interfaces/my_interfaces_s__rosidl_typesupport_fastrtps_c.cpython-310-aarch64-linux-gnu.so\n'}
[31.186479] (my_interfaces) StdoutLine: {'line': b'-- Set runtime path of "/root/ros_ws/install/my_interfaces/local/lib/python3.10/dist-packages/my_interfaces/my_interfaces_s__rosidl_typesupport_fastrtps_c.cpython-310-aarch64-linux-gnu.so" to ""\n'}
[31.186822] (my_interfaces) StdoutLine: {'line': b'-- Installing: /root/ros_ws/install/my_interfaces/local/lib/python3.10/dist-packages/my_interfaces/my_interfaces_s__rosidl_typesupport_introspection_c.cpython-310-aarch64-linux-gnu.so\n'}
[31.187378] (my_interfaces) StdoutLine: {'line': b'-- Set runtime path of "/root/ros_ws/install/my_interfaces/local/lib/python3.10/dist-packages/my_interfaces/my_interfaces_s__rosidl_typesupport_introspection_c.cpython-310-aarch64-linux-gnu.so" to ""\n'}
[31.187717] (my_interfaces) StdoutLine: {'line': b'-- Installing: /root/ros_ws/install/my_interfaces/local/lib/python3.10/dist-packages/my_interfaces/my_interfaces_s__rosidl_typesupport_c.cpython-310-aarch64-linux-gnu.so\n'}
[31.188267] (my_interfaces) StdoutLine: {'line': b'-- Set runtime path of "/root/ros_ws/install/my_interfaces/local/lib/python3.10/dist-packages/my_interfaces/my_interfaces_s__rosidl_typesupport_c.cpython-310-aarch64-linux-gnu.so" to ""\n'}
[31.188549] (my_interfaces) StdoutLine: {'line': b'-- Installing: /root/ros_ws/install/my_interfaces/lib/libmy_interfaces__rosidl_generator_py.so\n'}
[31.189145] (my_interfaces) StdoutLine: {'line': b'-- Set runtime path of "/root/ros_ws/install/my_interfaces/lib/libmy_interfaces__rosidl_generator_py.so" to ""\n'}
[31.189768] (my_interfaces) StdoutLine: {'line': b'-- Installing: /root/ros_ws/install/my_interfaces/share/my_interfaces/srv/Armabs.idl\n'}
[31.190082] (my_interfaces) StdoutLine: {'line': b'-- Installing: /root/ros_ws/install/my_interfaces/share/my_interfaces/srv/Armrel.idl\n'}
[31.190340] (my_interfaces) StdoutLine: {'line': b'-- Installing: /root/ros_ws/install/my_interfaces/share/my_interfaces/srv/Doclamp.idl\n'}
[31.190552] (my_interfaces) StdoutLine: {'line': b'-- Installing: /root/ros_ws/install/my_interfaces/share/my_interfaces/srv/Armabs.srv\n'}
[31.190750] (my_interfaces) StdoutLine: {'line': b'-- Installing: /root/ros_ws/install/my_interfaces/share/my_interfaces/srv/Armabs_Request.msg\n'}
[31.190939] (my_interfaces) StdoutLine: {'line': b'-- Installing: /root/ros_ws/install/my_interfaces/share/my_interfaces/srv/Armabs_Response.msg\n'}
[31.191131] (my_interfaces) StdoutLine: {'line': b'-- Installing: /root/ros_ws/install/my_interfaces/share/my_interfaces/srv/Armrel.srv\n'}
[31.191448] (my_interfaces) StdoutLine: {'line': b'-- Installing: /root/ros_ws/install/my_interfaces/share/my_interfaces/srv/Armrel_Request.msg\n'}
[31.191623] (my_interfaces) StdoutLine: {'line': b'-- Installing: /root/ros_ws/install/my_interfaces/share/my_interfaces/srv/Armrel_Response.msg\n'}
[31.191882] (my_interfaces) StdoutLine: {'line': b'-- Installing: /root/ros_ws/install/my_interfaces/share/my_interfaces/srv/Doclamp.srv\n'}
[31.192047] (my_interfaces) StdoutLine: {'line': b'-- Installing: /root/ros_ws/install/my_interfaces/share/my_interfaces/srv/Doclamp_Request.msg\n'}
[31.192236] (my_interfaces) StdoutLine: {'line': b'-- Installing: /root/ros_ws/install/my_interfaces/share/my_interfaces/srv/Doclamp_Response.msg\n'}
[31.192419] (my_interfaces) StdoutLine: {'line': b'-- Installing: /root/ros_ws/install/my_interfaces/share/ament_index/resource_index/package_run_dependencies/my_interfaces\n'}
[31.192584] (my_interfaces) StdoutLine: {'line': b'-- Installing: /root/ros_ws/install/my_interfaces/share/ament_index/resource_index/parent_prefix_path/my_interfaces\n'}
[31.192991] (my_interfaces) StdoutLine: {'line': b'-- Installing: /root/ros_ws/install/my_interfaces/share/my_interfaces/environment/ament_prefix_path.sh\n'}
[31.193196] (my_interfaces) StdoutLine: {'line': b'-- Installing: /root/ros_ws/install/my_interfaces/share/my_interfaces/environment/ament_prefix_path.dsv\n'}
[31.193386] (my_interfaces) StdoutLine: {'line': b'-- Installing: /root/ros_ws/install/my_interfaces/share/my_interfaces/environment/path.sh\n'}
[31.193568] (my_interfaces) StdoutLine: {'line': b'-- Installing: /root/ros_ws/install/my_interfaces/share/my_interfaces/environment/path.dsv\n'}
[31.193752] (my_interfaces) StdoutLine: {'line': b'-- Installing: /root/ros_ws/install/my_interfaces/share/my_interfaces/local_setup.bash\n'}
[31.193909] (my_interfaces) StdoutLine: {'line': b'-- Installing: /root/ros_ws/install/my_interfaces/share/my_interfaces/local_setup.sh\n'}
[31.194091] (my_interfaces) StdoutLine: {'line': b'-- Installing: /root/ros_ws/install/my_interfaces/share/my_interfaces/local_setup.zsh\n'}
[31.194273] (my_interfaces) StdoutLine: {'line': b'-- Installing: /root/ros_ws/install/my_interfaces/share/my_interfaces/local_setup.dsv\n'}
[31.194455] (my_interfaces) StdoutLine: {'line': b'-- Installing: /root/ros_ws/install/my_interfaces/share/my_interfaces/package.dsv\n'}
[31.194638] (my_interfaces) StdoutLine: {'line': b'-- Installing: /root/ros_ws/install/my_interfaces/share/ament_index/resource_index/packages/my_interfaces\n'}
[31.194872] (my_interfaces) StdoutLine: {'line': b'-- Installing: /root/ros_ws/install/my_interfaces/share/my_interfaces/cmake/export_my_interfaces__rosidl_generator_cExport.cmake\n'}
[31.195096] (my_interfaces) StdoutLine: {'line': b'-- Installing: /root/ros_ws/install/my_interfaces/share/my_interfaces/cmake/export_my_interfaces__rosidl_generator_cExport-noconfig.cmake\n'}
[31.195339] (my_interfaces) StdoutLine: {'line': b'-- Installing: /root/ros_ws/install/my_interfaces/share/my_interfaces/cmake/export_my_interfaces__rosidl_typesupport_fastrtps_cExport.cmake\n'}
[31.195582] (my_interfaces) StdoutLine: {'line': b'-- Installing: /root/ros_ws/install/my_interfaces/share/my_interfaces/cmake/export_my_interfaces__rosidl_typesupport_fastrtps_cExport-noconfig.cmake\n'}
[31.195835] (my_interfaces) StdoutLine: {'line': b'-- Installing: /root/ros_ws/install/my_interfaces/share/my_interfaces/cmake/my_interfaces__rosidl_typesupport_introspection_cExport.cmake\n'}
[31.196067] (my_interfaces) StdoutLine: {'line': b'-- Installing: /root/ros_ws/install/my_interfaces/share/my_interfaces/cmake/my_interfaces__rosidl_typesupport_introspection_cExport-noconfig.cmake\n'}
[31.196307] (my_interfaces) StdoutLine: {'line': b'-- Installing: /root/ros_ws/install/my_interfaces/share/my_interfaces/cmake/my_interfaces__rosidl_typesupport_cExport.cmake\n'}
[31.196535] (my_interfaces) StdoutLine: {'line': b'-- Installing: /root/ros_ws/install/my_interfaces/share/my_interfaces/cmake/my_interfaces__rosidl_typesupport_cExport-noconfig.cmake\n'}
[31.196875] (my_interfaces) StdoutLine: {'line': b'-- Installing: /root/ros_ws/install/my_interfaces/share/my_interfaces/cmake/export_my_interfaces__rosidl_generator_cppExport.cmake\n'}
[31.197126] (my_interfaces) StdoutLine: {'line': b'-- Installing: /root/ros_ws/install/my_interfaces/share/my_interfaces/cmake/export_my_interfaces__rosidl_typesupport_fastrtps_cppExport.cmake\n'}
[31.197354] (my_interfaces) StdoutLine: {'line': b'-- Installing: /root/ros_ws/install/my_interfaces/share/my_interfaces/cmake/export_my_interfaces__rosidl_typesupport_fastrtps_cppExport-noconfig.cmake\n'}
[31.197600] (my_interfaces) StdoutLine: {'line': b'-- Installing: /root/ros_ws/install/my_interfaces/share/my_interfaces/cmake/my_interfaces__rosidl_typesupport_introspection_cppExport.cmake\n'}
[31.197830] (my_interfaces) StdoutLine: {'line': b'-- Installing: /root/ros_ws/install/my_interfaces/share/my_interfaces/cmake/my_interfaces__rosidl_typesupport_introspection_cppExport-noconfig.cmake\n'}
[31.198066] (my_interfaces) StdoutLine: {'line': b'-- Installing: /root/ros_ws/install/my_interfaces/share/my_interfaces/cmake/my_interfaces__rosidl_typesupport_cppExport.cmake\n'}
[31.198297] (my_interfaces) StdoutLine: {'line': b'-- Installing: /root/ros_ws/install/my_interfaces/share/my_interfaces/cmake/my_interfaces__rosidl_typesupport_cppExport-noconfig.cmake\n'}
[31.198534] (my_interfaces) StdoutLine: {'line': b'-- Installing: /root/ros_ws/install/my_interfaces/share/my_interfaces/cmake/export_my_interfaces__rosidl_generator_pyExport.cmake\n'}
[31.198761] (my_interfaces) StdoutLine: {'line': b'-- Installing: /root/ros_ws/install/my_interfaces/share/my_interfaces/cmake/export_my_interfaces__rosidl_generator_pyExport-noconfig.cmake\n'}
[31.198969] (my_interfaces) StdoutLine: {'line': b'-- Installing: /root/ros_ws/install/my_interfaces/share/my_interfaces/cmake/rosidl_cmake-extras.cmake\n'}
[31.199181] (my_interfaces) StdoutLine: {'line': b'-- Installing: /root/ros_ws/install/my_interfaces/share/my_interfaces/cmake/ament_cmake_export_include_directories-extras.cmake\n'}
[31.199398] (my_interfaces) StdoutLine: {'line': b'-- Installing: /root/ros_ws/install/my_interfaces/share/my_interfaces/cmake/ament_cmake_export_libraries-extras.cmake\n'}
[31.199625] (my_interfaces) StdoutLine: {'line': b'-- Installing: /root/ros_ws/install/my_interfaces/share/my_interfaces/cmake/ament_cmake_export_targets-extras.cmake\n'}
[31.199858] (my_interfaces) StdoutLine: {'line': b'-- Installing: /root/ros_ws/install/my_interfaces/share/my_interfaces/cmake/rosidl_cmake_export_typesupport_targets-extras.cmake\n'}
[31.200068] (my_interfaces) StdoutLine: {'line': b'-- Installing: /root/ros_ws/install/my_interfaces/share/my_interfaces/cmake/ament_cmake_export_dependencies-extras.cmake\n'}
[31.200290] (my_interfaces) StdoutLine: {'line': b'-- Installing: /root/ros_ws/install/my_interfaces/share/my_interfaces/cmake/rosidl_cmake_export_typesupport_libraries-extras.cmake\n'}
[31.200496] (my_interfaces) StdoutLine: {'line': b'-- Installing: /root/ros_ws/install/my_interfaces/share/my_interfaces/cmake/my_interfacesConfig.cmake\n'}
[31.200793] (my_interfaces) StdoutLine: {'line': b'-- Installing: /root/ros_ws/install/my_interfaces/share/my_interfaces/cmake/my_interfacesConfig-version.cmake\n'}
[31.201004] (my_interfaces) StdoutLine: {'line': b'-- Installing: /root/ros_ws/install/my_interfaces/share/my_interfaces/package.xml\n'}
[31.205634] (my_interfaces) CommandEnded: {'returncode': 0}
[31.244401] (my_interfaces) JobEnded: {'identifier': 'my_interfaces', 'rc': 0}
[31.246726] (actuator) JobStarted: {'identifier': 'actuator'}
[31.256442] (decision) JobStarted: {'identifier': 'decision'}
[31.265205] (-) TimerEvent: {}
[31.366573] (-) TimerEvent: {}
[31.467093] (-) TimerEvent: {}
[31.567623] (-) TimerEvent: {}
[31.668144] (-) TimerEvent: {}
[31.768690] (-) TimerEvent: {}
[31.869239] (-) TimerEvent: {}
[31.969828] (-) TimerEvent: {}
[32.070351] (-) TimerEvent: {}
[32.170864] (-) TimerEvent: {}
[32.271386] (-) TimerEvent: {}
[32.371924] (-) TimerEvent: {}
[32.472448] (-) TimerEvent: {}
[32.573105] (-) TimerEvent: {}
[32.673678] (-) TimerEvent: {}
[32.775580] (-) TimerEvent: {}
[32.876505] (-) TimerEvent: {}
[32.977062] (-) TimerEvent: {}
[33.077599] (-) TimerEvent: {}
[33.178130] (-) TimerEvent: {}
[33.278660] (-) TimerEvent: {}
[33.379186] (-) TimerEvent: {}
[33.467645] (actuator) Command: {'cmd': ['/usr/bin/python3', '-W', 'ignore:setup.py install is deprecated', '-W', 'ignore:easy_install command is deprecated', 'setup.py', 'egg_info', '--egg-base', '../../build/actuator', 'build', '--build-base', '/root/ros_ws/build/actuator/build', 'install', '--record', '/root/ros_ws/build/actuator/install.log', '--single-version-externally-managed', 'install_data'], 'cwd': '/root/ros_ws/src/actuator', 'env': {'SHELL': '/bin/bash', 'ROS_VERSION': '2', 'COLORTERM': 'truecolor', 'TERM_PROGRAM_VERSION': '1.105.1', 'CONDA_EXE': '/usr/local/miniconda3/bin/conda', '_CE_M': '', 'ROS_PYTHON_VERSION': '3', 'NPU_HOST_INC': '/usr/local/Ascend/ascend-toolkit/latest/runtime/include', 'NPU_HOST_LIB': '/usr/local/Ascend/ascend-toolkit/latest/runtime/lib64/stub/aarch64', 'PWD': '/root/ros_ws/build/actuator', 'LOGNAME': 'root', 'XDG_SESSION_TYPE': 'tty', 'VSCODE_GIT_ASKPASS_NODE': '/root/.vscode-server/cli/servers/Stable-7d842fb85a0275a4a8e4d7e040d2625abbf7f084/server/node', 'MOTD_SHOWN': 'pam', 'HOME': '/root', 'LANG': 'C.UTF-8', 'LS_COLORS': 'rs=0:di=01;34:ln=01;36:mh=00:pi=40;33:so=01;35:do=01;35:bd=40;33;01:cd=40;33;01:or=40;31;01:mi=00:su=37;41:sg=30;43:ca=30;41:tw=30;42:ow=34;42:st=37;44:ex=01;32:*.tar=01;31:*.tgz=01;31:*.arc=01;31:*.arj=01;31:*.taz=01;31:*.lha=01;31:*.lz4=01;31:*.lzh=01;31:*.lzma=01;31:*.tlz=01;31:*.txz=01;31:*.tzo=01;31:*.t7z=01;31:*.zip=01;31:*.z=01;31:*.dz=01;31:*.gz=01;31:*.lrz=01;31:*.lz=01;31:*.lzo=01;31:*.xz=01;31:*.zst=01;31:*.tzst=01;31:*.bz2=01;31:*.bz=01;31:*.tbz=01;31:*.tbz2=01;31:*.tz=01;31:*.deb=01;31:*.rpm=01;31:*.jar=01;31:*.war=01;31:*.ear=01;31:*.sar=01;31:*.rar=01;31:*.alz=01;31:*.ace=01;31:*.zoo=01;31:*.cpio=01;31:*.7z=01;31:*.rz=01;31:*.cab=01;31:*.wim=01;31:*.swm=01;31:*.dwm=01;31:*.esd=01;31:*.jpg=01;35:*.jpeg=01;35:*.mjpg=01;35:*.mjpeg=01;35:*.gif=01;35:*.bmp=01;35:*.pbm=01;35:*.pgm=01;35:*.ppm=01;35:*.tga=01;35:*.xbm=01;35:*.xpm=01;35:*.tif=01;35:*.tiff=01;35:*.png=01;35:*.svg=01;35:*.svgz=01;35:*.mng=01;35:*.pcx=01;35:*.mov=01;35:*.mpg=01;35:*.mpeg=01;35:*.m2v=01;35:*.mkv=01;35:*.webm=01;35:*.webp=01;35:*.ogm=01;35:*.mp4=01;35:*.m4v=01;35:*.mp4v=01;35:*.vob=01;35:*.qt=01;35:*.nuv=01;35:*.wmv=01;35:*.asf=01;35:*.rm=01;35:*.rmvb=01;35:*.flc=01;35:*.avi=01;35:*.fli=01;35:*.flv=01;35:*.gl=01;35:*.dl=01;35:*.xcf=01;35:*.xwd=01;35:*.yuv=01;35:*.cgm=01;35:*.emf=01;35:*.ogv=01;35:*.ogx=01;35:*.aac=00;36:*.au=00;36:*.flac=00;36:*.m4a=00;36:*.mid=00;36:*.midi=00;36:*.mka=00;36:*.mp3=00;36:*.mpc=00;36:*.ogg=00;36:*.ra=00;36:*.wav=00;36:*.oga=00;36:*.opus=00;36:*.spx=00;36:*.xspf=00;36:', 'SSL_CERT_DIR': '/usr/lib/ssl/certs', 'AMENT_PREFIX_PATH': '/root/ros_ws/install/sensor:/root/ros_ws/install/decision:/root/ros_ws/install/actuator:/root/ros_ws/install/my_interfaces:/opt/ros/humble', 'GIT_ASKPASS': '/root/.vscode-server/cli/servers/Stable-7d842fb85a0275a4a8e4d7e040d2625abbf7f084/server/extensions/git/dist/askpass.sh', 'CMAKE_PREFIX_PATH': '/root/ros_ws/install/my_interfaces', 'COLCON_PREFIX_PATH': '/root/ros_ws/install', 'SSH_CONNECTION': '100.69.168.86 58989 100.77.215.50 22', 'TOOLCHAIN_HOME': '/usr/local/Ascend/ascend-toolkit/latest/toolkit', 'ASCEND_TOOLKIT_HOME': '/usr/local/Ascend/ascend-toolkit/latest', 'VSCODE_GIT_ASKPASS_EXTRA_ARGS': '', 'VSCODE_PYTHON_AUTOACTIVATE_GUARD': '1', 'LESSCLOSE': '/usr/bin/lesspipe %s %s', 'XDG_SESSION_CLASS': 'user', 'PYTHONPATH': '/root/ros_ws/build/actuator/prefix_override:/usr/lib/python3/dist-packages/colcon_core/task/python/colcon_distutils_commands:/root/ros_ws/install/actuator/lib/python3.10/site-packages:/root/ros_ws/install/hiwonder_sdk/lib/python3.10/site-packages:/root/ros_ws/install/sensor/lib/python3.10/site-packages:/root/ros_ws/build/decision:/root/ros_ws/install/decision/lib/python3.10/site-packages:/root/ros_ws/build/actuator:/root/ros_ws/install/actuator/lib/python3.10/site-packages:/root/ros_ws/install/my_interfaces/local/lib/python3.10/dist-packages:/root/ros_ws/build/hiwonder_sdk:/usr/local/Ascend/ascend-toolkit/latest/python/site-packages:/usr/local/Ascend/ascend-toolkit/latest/opp/built-in/op_impl/ai_core/tbe:/opt/ros/humble/lib/python3.10/site-packages:/opt/ros/humble/local/lib/python3.10/dist-packages:/usr/local/Ascend/ascend-toolkit/latest/python/site-packages:/usr/local/Ascend/ascend-toolkit/latest/opp/built-in/op_impl/ai_core/tbe:/usr/local/Ascend/ascend-toolkit/laster/python/site-packages:/usr/local/Ascend/ascend-toolkit/laster/opp/built-in/op_impl/ai_core/tbe', 'COLCON': '1', 'TERM': 'xterm-256color', '_CE_CONDA': '', 'LESSOPEN': '| /usr/bin/lesspipe %s', 'USER': 'root', 'VSCODE_GIT_IPC_HANDLE': '/run/user/0/vscode-git-e56df51451.sock', 'CONDA_SHLVL': '0', 'SHLVL': '2', 'XDG_SESSION_ID': '11', 'ASCEND_OPP_PATH': '/usr/local/Ascend/ascend-toolkit/latest/opp', 'CONDA_PYTHON_EXE': '/usr/local/miniconda3/bin/python', 'LD_LIBRARY_PATH': '/root/ros_ws/install/my_interfaces/lib:/usr/local/Ascend/ascend-toolkit/latest/tools/aml/lib64:/usr/local/Ascend/ascend-toolkit/latest/tools/aml/lib64/plugin:/usr/local/Ascend/ascend-toolkit/latest/lib64:/usr/local/Ascend/ascend-toolkit/latest/lib64/plugin/opskernel:/usr/local/Ascend/ascend-toolkit/latest/lib64/plugin/nnengine:/usr/local/Ascend/ascend-toolkit/latest/opp/built-in/op_impl/ai_core/tbe/op_tiling/lib/linux/aarch64:/var/davinci/driver/lib64:/var/davinci/driver/lib64/common:/var/davinci/driver/lib64/driver:/opt/ros/humble/opt/rviz_ogre_vendor/lib:/opt/ros/humble/lib/aarch64-linux-gnu:/opt/ros/humble/lib:/usr/local/Ascend/ascend-toolkit/latest/tools/aml/lib64:/usr/local/Ascend/ascend-toolkit/latest/tools/aml/lib64/plugin:/usr/local/Ascend/ascend-toolkit/latest/lib64:/usr/local/Ascend/ascend-toolkit/latest/lib64/plugin/opskernel:/usr/local/Ascend/ascend-toolkit/latest/lib64/plugin/nnengine:/usr/local/Ascend/ascend-toolkit/latest/opp/built-in/op_impl/ai_core/tbe/op_tiling/lib/linux/aarch64:/var/davinci/driver/lib64:/var/davinci/driver/lib64/common:/var/davinci/driver/lib64/driver:/usr/local/Ascend/ascend-toolkit/laster/runtime/lib64/stub/aarch64:/usr/local/Ascend/ascend-toolkit/laster/lib64:/usr/local/Ascend/ascend-toolkit/laster/lib64/plugin/opskernel:/usr/local/Ascend/ascend-toolkit/laster/lib64/plugin/nnengine:/usr/local/Ascend/ascend-toolkit/laster/opp/built-in/op_impl/ai_core/tbe/op_tiling:/usr/local/Ascend/driver/lib64:/var/davinci/driver/lib64:/var/davinci/driver/lib64/common:/var/davinci/driver/lib64/driver', 'ASCEND_AICPU_PATH': '/usr/local/Ascend/ascend-toolkit/latest', 'XDG_RUNTIME_DIR': '/run/user/0', 'SSL_CERT_FILE': '/usr/lib/ssl/certs/ca-certificates.crt', 'ROS_LOCALHOST_ONLY': '0', 'SSH_CLIENT': '100.69.168.86 58989 22', 'VSCODE_GIT_ASKPASS_MAIN': '/root/.vscode-server/cli/servers/Stable-7d842fb85a0275a4a8e4d7e040d2625abbf7f084/server/extensions/git/dist/askpass-main.js', 'XDG_DATA_DIRS': '/usr/share/gnome:/usr/local/share:/usr/share:/var/lib/snapd/desktop', 'BROWSER': '/root/.vscode-server/cli/servers/Stable-7d842fb85a0275a4a8e4d7e040d2625abbf7f084/server/bin/helpers/browser.sh', 'PATH': '/usr/local/Ascend/ascend-toolkit/latest/bin:/usr/local/Ascend/ascend-toolkit/latest/compiler/ccec_compiler/bin:/root/.vscode-server/cli/servers/Stable-7d842fb85a0275a4a8e4d7e040d2625abbf7f084/server/bin/remote-cli:/opt/ros/humble/bin:/usr/local/Ascend/ascend-toolkit/latest/bin:/usr/local/Ascend/ascend-toolkit/latest/compiler/ccec_compiler/bin:/usr/local/miniconda3/condabin:/usr/local/Ascend/ascend-toolkit/laster/bin:/usr/local/Ascend/ascend-toolkit/laster/compiler/ccec_compiler/bin:/usr/local/sbin:/usr/local/bin:/usr/sbin:/usr/bin:/sbin:/bin:/usr/games:/usr/local/games:/snap/bin:/root/.vscode-server/data/User/globalStorage/github.copilot-chat/debugCommand', 'ASCEND_HOME_PATH': '/usr/local/Ascend/ascend-toolkit/latest', 'DBUS_SESSION_BUS_ADDRESS': 'unix:path=/run/user/0/bus', 'ROS_DISTRO': 'humble', 'TERM_PROGRAM': 'vscode', 'VSCODE_IPC_HOOK_CLI': '/run/user/0/vscode-ipc-e58d8608-7385-4d7d-944f-9463e9f90ad3.sock', '_': '/usr/bin/env'}, 'shell': False}
[33.479333] (-) TimerEvent: {}
[33.523772] (decision) Command: {'cmd': ['/usr/bin/python3', '-W', 'ignore:setup.py install is deprecated', '-W', 'ignore:easy_install command is deprecated', 'setup.py', 'egg_info', '--egg-base', '../../build/decision', 'build', '--build-base', '/root/ros_ws/build/decision/build', 'install', '--record', '/root/ros_ws/build/decision/install.log', '--single-version-externally-managed', 'install_data'], 'cwd': '/root/ros_ws/src/decision', 'env': {'SHELL': '/bin/bash', 'ROS_VERSION': '2', 'COLORTERM': 'truecolor', 'TERM_PROGRAM_VERSION': '1.105.1', 'CONDA_EXE': '/usr/local/miniconda3/bin/conda', '_CE_M': '', 'ROS_PYTHON_VERSION': '3', 'NPU_HOST_INC': '/usr/local/Ascend/ascend-toolkit/latest/runtime/include', 'NPU_HOST_LIB': '/usr/local/Ascend/ascend-toolkit/latest/runtime/lib64/stub/aarch64', 'PWD': '/root/ros_ws/build/decision', 'LOGNAME': 'root', 'XDG_SESSION_TYPE': 'tty', 'VSCODE_GIT_ASKPASS_NODE': '/root/.vscode-server/cli/servers/Stable-7d842fb85a0275a4a8e4d7e040d2625abbf7f084/server/node', 'MOTD_SHOWN': 'pam', 'HOME': '/root', 'LANG': 'C.UTF-8', 'LS_COLORS': 'rs=0:di=01;34:ln=01;36:mh=00:pi=40;33:so=01;35:do=01;35:bd=40;33;01:cd=40;33;01:or=40;31;01:mi=00:su=37;41:sg=30;43:ca=30;41:tw=30;42:ow=34;42:st=37;44:ex=01;32:*.tar=01;31:*.tgz=01;31:*.arc=01;31:*.arj=01;31:*.taz=01;31:*.lha=01;31:*.lz4=01;31:*.lzh=01;31:*.lzma=01;31:*.tlz=01;31:*.txz=01;31:*.tzo=01;31:*.t7z=01;31:*.zip=01;31:*.z=01;31:*.dz=01;31:*.gz=01;31:*.lrz=01;31:*.lz=01;31:*.lzo=01;31:*.xz=01;31:*.zst=01;31:*.tzst=01;31:*.bz2=01;31:*.bz=01;31:*.tbz=01;31:*.tbz2=01;31:*.tz=01;31:*.deb=01;31:*.rpm=01;31:*.jar=01;31:*.war=01;31:*.ear=01;31:*.sar=01;31:*.rar=01;31:*.alz=01;31:*.ace=01;31:*.zoo=01;31:*.cpio=01;31:*.7z=01;31:*.rz=01;31:*.cab=01;31:*.wim=01;31:*.swm=01;31:*.dwm=01;31:*.esd=01;31:*.jpg=01;35:*.jpeg=01;35:*.mjpg=01;35:*.mjpeg=01;35:*.gif=01;35:*.bmp=01;35:*.pbm=01;35:*.pgm=01;35:*.ppm=01;35:*.tga=01;35:*.xbm=01;35:*.xpm=01;35:*.tif=01;35:*.tiff=01;35:*.png=01;35:*.svg=01;35:*.svgz=01;35:*.mng=01;35:*.pcx=01;35:*.mov=01;35:*.mpg=01;35:*.mpeg=01;35:*.m2v=01;35:*.mkv=01;35:*.webm=01;35:*.webp=01;35:*.ogm=01;35:*.mp4=01;35:*.m4v=01;35:*.mp4v=01;35:*.vob=01;35:*.qt=01;35:*.nuv=01;35:*.wmv=01;35:*.asf=01;35:*.rm=01;35:*.rmvb=01;35:*.flc=01;35:*.avi=01;35:*.fli=01;35:*.flv=01;35:*.gl=01;35:*.dl=01;35:*.xcf=01;35:*.xwd=01;35:*.yuv=01;35:*.cgm=01;35:*.emf=01;35:*.ogv=01;35:*.ogx=01;35:*.aac=00;36:*.au=00;36:*.flac=00;36:*.m4a=00;36:*.mid=00;36:*.midi=00;36:*.mka=00;36:*.mp3=00;36:*.mpc=00;36:*.ogg=00;36:*.ra=00;36:*.wav=00;36:*.oga=00;36:*.opus=00;36:*.spx=00;36:*.xspf=00;36:', 'SSL_CERT_DIR': '/usr/lib/ssl/certs', 'AMENT_PREFIX_PATH': '/root/ros_ws/install/sensor:/root/ros_ws/install/decision:/root/ros_ws/install/actuator:/root/ros_ws/install/my_interfaces:/opt/ros/humble', 'GIT_ASKPASS': '/root/.vscode-server/cli/servers/Stable-7d842fb85a0275a4a8e4d7e040d2625abbf7f084/server/extensions/git/dist/askpass.sh', 'CMAKE_PREFIX_PATH': '/root/ros_ws/install/my_interfaces', 'COLCON_PREFIX_PATH': '/root/ros_ws/install', 'SSH_CONNECTION': '100.69.168.86 58989 100.77.215.50 22', 'TOOLCHAIN_HOME': '/usr/local/Ascend/ascend-toolkit/latest/toolkit', 'ASCEND_TOOLKIT_HOME': '/usr/local/Ascend/ascend-toolkit/latest', 'VSCODE_GIT_ASKPASS_EXTRA_ARGS': '', 'VSCODE_PYTHON_AUTOACTIVATE_GUARD': '1', 'LESSCLOSE': '/usr/bin/lesspipe %s %s', 'XDG_SESSION_CLASS': 'user', 'PYTHONPATH': '/root/ros_ws/build/decision/prefix_override:/usr/lib/python3/dist-packages/colcon_core/task/python/colcon_distutils_commands:/root/ros_ws/install/decision/lib/python3.10/site-packages:/root/ros_ws/install/sensor/lib/python3.10/site-packages:/root/ros_ws/build/decision:/root/ros_ws/install/decision/lib/python3.10/site-packages:/root/ros_ws/build/actuator:/root/ros_ws/install/actuator/lib/python3.10/site-packages:/root/ros_ws/install/my_interfaces/local/lib/python3.10/dist-packages:/root/ros_ws/build/hiwonder_sdk:/root/ros_ws/install/hiwonder_sdk/lib/python3.10/site-packages:/usr/local/Ascend/ascend-toolkit/latest/python/site-packages:/usr/local/Ascend/ascend-toolkit/latest/opp/built-in/op_impl/ai_core/tbe:/opt/ros/humble/lib/python3.10/site-packages:/opt/ros/humble/local/lib/python3.10/dist-packages:/usr/local/Ascend/ascend-toolkit/latest/python/site-packages:/usr/local/Ascend/ascend-toolkit/latest/opp/built-in/op_impl/ai_core/tbe:/usr/local/Ascend/ascend-toolkit/laster/python/site-packages:/usr/local/Ascend/ascend-toolkit/laster/opp/built-in/op_impl/ai_core/tbe:', 'COLCON': '1', 'TERM': 'xterm-256color', '_CE_CONDA': '', 'LESSOPEN': '| /usr/bin/lesspipe %s', 'USER': 'root', 'VSCODE_GIT_IPC_HANDLE': '/run/user/0/vscode-git-e56df51451.sock', 'CONDA_SHLVL': '0', 'SHLVL': '2', 'XDG_SESSION_ID': '11', 'ASCEND_OPP_PATH': '/usr/local/Ascend/ascend-toolkit/latest/opp', 'CONDA_PYTHON_EXE': '/usr/local/miniconda3/bin/python', 'LD_LIBRARY_PATH': '/root/ros_ws/install/my_interfaces/lib:/usr/local/Ascend/ascend-toolkit/latest/tools/aml/lib64:/usr/local/Ascend/ascend-toolkit/latest/tools/aml/lib64/plugin:/usr/local/Ascend/ascend-toolkit/latest/lib64:/usr/local/Ascend/ascend-toolkit/latest/lib64/plugin/opskernel:/usr/local/Ascend/ascend-toolkit/latest/lib64/plugin/nnengine:/usr/local/Ascend/ascend-toolkit/latest/opp/built-in/op_impl/ai_core/tbe/op_tiling/lib/linux/aarch64:/var/davinci/driver/lib64:/var/davinci/driver/lib64/common:/var/davinci/driver/lib64/driver:/opt/ros/humble/opt/rviz_ogre_vendor/lib:/opt/ros/humble/lib/aarch64-linux-gnu:/opt/ros/humble/lib:/usr/local/Ascend/ascend-toolkit/latest/tools/aml/lib64:/usr/local/Ascend/ascend-toolkit/latest/tools/aml/lib64/plugin:/usr/local/Ascend/ascend-toolkit/latest/lib64:/usr/local/Ascend/ascend-toolkit/latest/lib64/plugin/opskernel:/usr/local/Ascend/ascend-toolkit/latest/lib64/plugin/nnengine:/usr/local/Ascend/ascend-toolkit/latest/opp/built-in/op_impl/ai_core/tbe/op_tiling/lib/linux/aarch64:/var/davinci/driver/lib64:/var/davinci/driver/lib64/common:/var/davinci/driver/lib64/driver:/usr/local/Ascend/ascend-toolkit/laster/runtime/lib64/stub/aarch64:/usr/local/Ascend/ascend-toolkit/laster/lib64:/usr/local/Ascend/ascend-toolkit/laster/lib64/plugin/opskernel:/usr/local/Ascend/ascend-toolkit/laster/lib64/plugin/nnengine:/usr/local/Ascend/ascend-toolkit/laster/opp/built-in/op_impl/ai_core/tbe/op_tiling:/usr/local/Ascend/driver/lib64:/var/davinci/driver/lib64:/var/davinci/driver/lib64/common:/var/davinci/driver/lib64/driver', 'ASCEND_AICPU_PATH': '/usr/local/Ascend/ascend-toolkit/latest', 'XDG_RUNTIME_DIR': '/run/user/0', 'SSL_CERT_FILE': '/usr/lib/ssl/certs/ca-certificates.crt', 'ROS_LOCALHOST_ONLY': '0', 'SSH_CLIENT': '100.69.168.86 58989 22', 'VSCODE_GIT_ASKPASS_MAIN': '/root/.vscode-server/cli/servers/Stable-7d842fb85a0275a4a8e4d7e040d2625abbf7f084/server/extensions/git/dist/askpass-main.js', 'XDG_DATA_DIRS': '/usr/share/gnome:/usr/local/share:/usr/share:/var/lib/snapd/desktop', 'BROWSER': '/root/.vscode-server/cli/servers/Stable-7d842fb85a0275a4a8e4d7e040d2625abbf7f084/server/bin/helpers/browser.sh', 'PATH': '/usr/local/Ascend/ascend-toolkit/latest/bin:/usr/local/Ascend/ascend-toolkit/latest/compiler/ccec_compiler/bin:/root/.vscode-server/cli/servers/Stable-7d842fb85a0275a4a8e4d7e040d2625abbf7f084/server/bin/remote-cli:/opt/ros/humble/bin:/usr/local/Ascend/ascend-toolkit/latest/bin:/usr/local/Ascend/ascend-toolkit/latest/compiler/ccec_compiler/bin:/usr/local/miniconda3/condabin:/usr/local/Ascend/ascend-toolkit/laster/bin:/usr/local/Ascend/ascend-toolkit/laster/compiler/ccec_compiler/bin:/usr/local/sbin:/usr/local/bin:/usr/sbin:/usr/bin:/sbin:/bin:/usr/games:/usr/local/games:/snap/bin:/root/.vscode-server/data/User/globalStorage/github.copilot-chat/debugCommand', 'ASCEND_HOME_PATH': '/usr/local/Ascend/ascend-toolkit/latest', 'DBUS_SESSION_BUS_ADDRESS': 'unix:path=/run/user/0/bus', 'ROS_DISTRO': 'humble', 'TERM_PROGRAM': 'vscode', 'VSCODE_IPC_HOOK_CLI': '/run/user/0/vscode-ipc-e58d8608-7385-4d7d-944f-9463e9f90ad3.sock', '_': '/usr/bin/env'}, 'shell': False}
[33.579469] (-) TimerEvent: {}
[33.679994] (-) TimerEvent: {}
[33.780539] (-) TimerEvent: {}
[33.881215] (-) TimerEvent: {}
[33.982134] (-) TimerEvent: {}
[34.045026] (actuator) StdoutLine: {'line': b'running egg_info\n'}
[34.046446] (actuator) StdoutLine: {'line': b'creating ../../build/actuator/actuator.egg-info\n'}
[34.047937] (actuator) StdoutLine: {'line': b'writing ../../build/actuator/actuator.egg-info/PKG-INFO\n'}
[34.048221] (actuator) StdoutLine: {'line': b'writing dependency_links to ../../build/actuator/actuator.egg-info/dependency_links.txt\n'}
[34.048406] (actuator) StdoutLine: {'line': b'writing entry points to ../../build/actuator/actuator.egg-info/entry_points.txt\n'}
[34.049732] (actuator) StdoutLine: {'line': b'writing requirements to ../../build/actuator/actuator.egg-info/requires.txt\n'}
[34.049967] (actuator) StdoutLine: {'line': b'writing top-level names to ../../build/actuator/actuator.egg-info/top_level.txt\n'}
[34.050140] (actuator) StdoutLine: {'line': b"writing manifest file '../../build/actuator/actuator.egg-info/SOURCES.txt'\n"}
[34.053636] (actuator) StdoutLine: {'line': b"reading manifest file '../../build/actuator/actuator.egg-info/SOURCES.txt'\n"}
[34.055083] (actuator) StdoutLine: {'line': b"writing manifest file '../../build/actuator/actuator.egg-info/SOURCES.txt'\n"}
[34.055567] (actuator) StdoutLine: {'line': b'running build\n'}
[34.055825] (actuator) StdoutLine: {'line': b'running build_py\n'}
[34.056296] (actuator) StdoutLine: {'line': b'creating /root/ros_ws/build/actuator/build\n'}
[34.056531] (actuator) StdoutLine: {'line': b'creating /root/ros_ws/build/actuator/build/lib\n'}
[34.057009] (actuator) StdoutLine: {'line': b'creating /root/ros_ws/build/actuator/build/lib/actuator\n'}
[34.057199] (actuator) StdoutLine: {'line': b'copying actuator/clamp.py -> /root/ros_ws/build/actuator/build/lib/actuator\n'}
[34.057436] (actuator) StdoutLine: {'line': b'copying actuator/__init__.py -> /root/ros_ws/build/actuator/build/lib/actuator\n'}
[34.057600] (actuator) StdoutLine: {'line': b'copying actuator/arm.py -> /root/ros_ws/build/actuator/build/lib/actuator\n'}
[34.057755] (actuator) StdoutLine: {'line': b'copying actuator/wheel.py -> /root/ros_ws/build/actuator/build/lib/actuator\n'}
[34.057907] (actuator) StdoutLine: {'line': b'running install\n'}
[34.058131] (actuator) StdoutLine: {'line': b'running install_lib\n'}
[34.059721] (actuator) StdoutLine: {'line': b'creating /root/ros_ws/install/actuator/lib/python3.10/site-packages/actuator\n'}
[34.059964] (actuator) StdoutLine: {'line': b'copying /root/ros_ws/build/actuator/build/lib/actuator/clamp.py -> /root/ros_ws/install/actuator/lib/python3.10/site-packages/actuator\n'}
[34.060233] (actuator) StdoutLine: {'line': b'copying /root/ros_ws/build/actuator/build/lib/actuator/__init__.py -> /root/ros_ws/install/actuator/lib/python3.10/site-packages/actuator\n'}
[34.060457] (actuator) StdoutLine: {'line': b'copying /root/ros_ws/build/actuator/build/lib/actuator/arm.py -> /root/ros_ws/install/actuator/lib/python3.10/site-packages/actuator\n'}
[34.060865] (actuator) StdoutLine: {'line': b'copying /root/ros_ws/build/actuator/build/lib/actuator/wheel.py -> /root/ros_ws/install/actuator/lib/python3.10/site-packages/actuator\n'}
[34.061825] (actuator) StdoutLine: {'line': b'byte-compiling /root/ros_ws/install/actuator/lib/python3.10/site-packages/actuator/clamp.py to clamp.cpython-310.pyc\n'}
[34.062902] (actuator) StdoutLine: {'line': b'byte-compiling /root/ros_ws/install/actuator/lib/python3.10/site-packages/actuator/__init__.py to __init__.cpython-310.pyc\n'}
[34.063243] (actuator) StdoutLine: {'line': b'byte-compiling /root/ros_ws/install/actuator/lib/python3.10/site-packages/actuator/arm.py to arm.cpython-310.pyc\n'}
[34.064115] (actuator) StdoutLine: {'line': b'byte-compiling /root/ros_ws/install/actuator/lib/python3.10/site-packages/actuator/wheel.py to wheel.cpython-310.pyc\n'}
[34.064980] (actuator) StdoutLine: {'line': b'running install_data\n'}
[34.065244] (actuator) StdoutLine: {'line': b'creating /root/ros_ws/install/actuator/share/ament_index\n'}
[34.065513] (actuator) StdoutLine: {'line': b'creating /root/ros_ws/install/actuator/share/ament_index/resource_index\n'}
[34.065735] (actuator) StdoutLine: {'line': b'creating /root/ros_ws/install/actuator/share/ament_index/resource_index/packages\n'}
[34.065958] (actuator) StdoutLine: {'line': b'copying resource/actuator -> /root/ros_ws/install/actuator/share/ament_index/resource_index/packages\n'}
[34.066124] (actuator) StdoutLine: {'line': b'copying package.xml -> /root/ros_ws/install/actuator/share/actuator\n'}
[34.066279] (actuator) StdoutLine: {'line': b'running install_egg_info\n'}
[34.070609] (actuator) StdoutLine: {'line': b'Copying ../../build/actuator/actuator.egg-info to /root/ros_ws/install/actuator/lib/python3.10/site-packages/actuator-0.0.0-py3.10.egg-info\n'}
[34.072253] (actuator) StdoutLine: {'line': b'running install_scripts\n'}
[34.082263] (-) TimerEvent: {}
[34.102430] (decision) StdoutLine: {'line': b'running egg_info\n'}
[34.103925] (decision) StdoutLine: {'line': b'creating ../../build/decision/decision.egg-info\n'}
[34.106251] (decision) StdoutLine: {'line': b'writing ../../build/decision/decision.egg-info/PKG-INFO\n'}
[34.106812] (decision) StdoutLine: {'line': b'writing dependency_links to ../../build/decision/decision.egg-info/dependency_links.txt\n'}
[34.107004] (decision) StdoutLine: {'line': b'writing entry points to ../../build/decision/decision.egg-info/entry_points.txt\n'}
[34.107166] (decision) StdoutLine: {'line': b'writing requirements to ../../build/decision/decision.egg-info/requires.txt\n'}
[34.107325] (decision) StdoutLine: {'line': b'writing top-level names to ../../build/decision/decision.egg-info/top_level.txt\n'}
[34.107480] (decision) StdoutLine: {'line': b"writing manifest file '../../build/decision/decision.egg-info/SOURCES.txt'\n"}
[34.111420] (decision) StdoutLine: {'line': b"reading manifest file '../../build/decision/decision.egg-info/SOURCES.txt'\n"}
[34.112976] (decision) StdoutLine: {'line': b"writing manifest file '../../build/decision/decision.egg-info/SOURCES.txt'\n"}
[34.113549] (decision) StdoutLine: {'line': b'running build\n'}
[34.113739] (decision) StdoutLine: {'line': b'running build_py\n'}
[34.114189] (decision) StdoutLine: {'line': b'creating /root/ros_ws/build/decision/build\n'}
[34.114512] (decision) StdoutLine: {'line': b'creating /root/ros_ws/build/decision/build/lib\n'}
[34.114745] (decision) StdoutLine: {'line': b'creating /root/ros_ws/build/decision/build/lib/decision\n'}
[34.114972] (decision) StdoutLine: {'line': b'copying decision/arm_grab.py -> /root/ros_ws/build/decision/build/lib/decision\n'}
[34.115240] (decision) StdoutLine: {'line': b'copying decision/track_line.py -> /root/ros_ws/build/decision/build/lib/decision\n'}
[34.115459] (decision) StdoutLine: {'line': b'copying decision/sonar_park.py -> /root/ros_ws/build/decision/build/lib/decision\n'}
[34.115678] (decision) StdoutLine: {'line': b'copying decision/__init__.py -> /root/ros_ws/build/decision/build/lib/decision\n'}
[34.115889] (decision) StdoutLine: {'line': b'copying decision/color_detect.py -> /root/ros_ws/build/decision/build/lib/decision\n'}
[34.116048] (decision) StdoutLine: {'line': b'copying decision/aruco_detect.py -> /root/ros_ws/build/decision/build/lib/decision\n'}
[34.116201] (decision) StdoutLine: {'line': b'copying decision/test_color_detect.py -> /root/ros_ws/build/decision/build/lib/decision\n'}
[34.116417] (decision) StdoutLine: {'line': b'copying decision/test_calib.py -> /root/ros_ws/build/decision/build/lib/decision\n'}
[34.116573] (decision) StdoutLine: {'line': b'running install\n'}
[34.117179] (decision) StdoutLine: {'line': b'running install_lib\n'}
[34.118934] (decision) StdoutLine: {'line': b'creating /root/ros_ws/install/decision/lib/python3.10/site-packages/decision\n'}
[34.123425] (decision) StdoutLine: {'line': b'copying /root/ros_ws/build/decision/build/lib/decision/arm_grab.py -> /root/ros_ws/install/decision/lib/python3.10/site-packages/decision\n'}
[34.123878] (decision) StdoutLine: {'line': b'copying /root/ros_ws/build/decision/build/lib/decision/track_line.py -> /root/ros_ws/install/decision/lib/python3.10/site-packages/decision\n'}
[34.124066] (decision) StdoutLine: {'line': b'copying /root/ros_ws/build/decision/build/lib/decision/sonar_park.py -> /root/ros_ws/install/decision/lib/python3.10/site-packages/decision\n'}
[34.124231] (decision) StdoutLine: {'line': b'copying /root/ros_ws/build/decision/build/lib/decision/__init__.py -> /root/ros_ws/install/decision/lib/python3.10/site-packages/decision\n'}
[34.124389] (decision) StdoutLine: {'line': b'copying /root/ros_ws/build/decision/build/lib/decision/color_detect.py -> /root/ros_ws/install/decision/lib/python3.10/site-packages/decision\n'}
[34.131225] (decision) StdoutLine: {'line': b'copying /root/ros_ws/build/decision/build/lib/decision/aruco_detect.py -> /root/ros_ws/install/decision/lib/python3.10/site-packages/decision\n'}
[34.131532] (decision) StdoutLine: {'line': b'copying /root/ros_ws/build/decision/build/lib/decision/test_color_detect.py -> /root/ros_ws/install/decision/lib/python3.10/site-packages/decision\n'}
[34.131711] (decision) StdoutLine: {'line': b'copying /root/ros_ws/build/decision/build/lib/decision/test_calib.py -> /root/ros_ws/install/decision/lib/python3.10/site-packages/decision\n'}
[34.131874] (decision) StdoutLine: {'line': b'byte-compiling /root/ros_ws/install/decision/lib/python3.10/site-packages/decision/arm_grab.py to arm_grab.cpython-310.pyc\n'}
[34.132036] (decision) StdoutLine: {'line': b'byte-compiling /root/ros_ws/install/decision/lib/python3.10/site-packages/decision/track_line.py to track_line.cpython-310.pyc\n'}
[34.132192] (actuator) StdoutLine: {'line': b'Installing arm script to /root/ros_ws/install/actuator/lib/actuator\n'}
[34.132363] (actuator) StdoutLine: {'line': b'Installing clamp script to /root/ros_ws/install/actuator/lib/actuator\n'}
[34.132517] (actuator) StdoutLine: {'line': b'Installing wheel script to /root/ros_ws/install/actuator/lib/actuator\n'}
[34.132904] (actuator) StdoutLine: {'line': b"writing list of installed files to '/root/ros_ws/build/actuator/install.log'\n"}
[34.133085] (decision) StdoutLine: {'line': b'byte-compiling /root/ros_ws/install/decision/lib/python3.10/site-packages/decision/sonar_park.py to sonar_park.cpython-310.pyc\n'}
[34.133253] (decision) StdoutLine: {'line': b'byte-compiling /root/ros_ws/install/decision/lib/python3.10/site-packages/decision/__init__.py to __init__.cpython-310.pyc\n'}
[34.133414] (decision) StdoutLine: {'line': b'byte-compiling /root/ros_ws/install/decision/lib/python3.10/site-packages/decision/color_detect.py to color_detect.cpython-310.pyc\n'}
[34.133568] (decision) StdoutLine: {'line': b'byte-compiling /root/ros_ws/install/decision/lib/python3.10/site-packages/decision/aruco_detect.py to aruco_detect.cpython-310.pyc\n'}
[34.133759] (decision) StdoutLine: {'line': b'byte-compiling /root/ros_ws/install/decision/lib/python3.10/site-packages/decision/test_color_detect.py to test_color_detect.cpython-310.pyc\n'}
[34.133915] (decision) StdoutLine: {'line': b'byte-compiling /root/ros_ws/install/decision/lib/python3.10/site-packages/decision/test_calib.py to test_calib.cpython-310.pyc\n'}
[34.135125] (decision) StdoutLine: {'line': b'running install_data\n'}
[34.135418] (decision) StdoutLine: {'line': b'creating /root/ros_ws/install/decision/share/ament_index\n'}
[34.135685] (decision) StdoutLine: {'line': b'creating /root/ros_ws/install/decision/share/ament_index/resource_index\n'}
[34.135857] (decision) StdoutLine: {'line': b'creating /root/ros_ws/install/decision/share/ament_index/resource_index/packages\n'}
[34.136015] (decision) StdoutLine: {'line': b'copying resource/decision -> /root/ros_ws/install/decision/share/ament_index/resource_index/packages\n'}
[34.136204] (decision) StdoutLine: {'line': b'copying package.xml -> /root/ros_ws/install/decision/share/decision\n'}
[34.136361] (decision) StdoutLine: {'line': b'creating /root/ros_ws/install/decision/share/decision/data\n'}
[34.136512] (decision) StdoutLine: {'line': b'copying data/color_config.yaml -> /root/ros_ws/install/decision/share/decision/data\n'}
[34.136866] (decision) StdoutLine: {'line': b'running install_egg_info\n'}
[34.141215] (decision) StdoutLine: {'line': b'Copying ../../build/decision/decision.egg-info to /root/ros_ws/install/decision/lib/python3.10/site-packages/decision-0.0.0-py3.10.egg-info\n'}
[34.145559] (decision) StdoutLine: {'line': b'running install_scripts\n'}
[34.182406] (-) TimerEvent: {}
[34.200996] (decision) StdoutLine: {'line': b'Installing arm_grab script to /root/ros_ws/install/decision/lib/decision\n'}
[34.202461] (decision) StdoutLine: {'line': b'Installing aruco_detect script to /root/ros_ws/install/decision/lib/decision\n'}
[34.202947] (decision) StdoutLine: {'line': b'Installing color_detect script to /root/ros_ws/install/decision/lib/decision\n'}
[34.203144] (decision) StdoutLine: {'line': b'Installing sonar_park script to /root/ros_ws/install/decision/lib/decision\n'}
[34.203314] (decision) StdoutLine: {'line': b'Installing track_line script to /root/ros_ws/install/decision/lib/decision\n'}
[34.203476] (decision) StdoutLine: {'line': b"writing list of installed files to '/root/ros_ws/build/decision/install.log'\n"}
[34.248720] (actuator) CommandEnded: {'returncode': 0}
[34.252421] (actuator) JobEnded: {'identifier': 'actuator', 'rc': 0}
[34.282577] (-) TimerEvent: {}
[34.306846] (decision) CommandEnded: {'returncode': 0}
[34.321329] (decision) JobEnded: {'identifier': 'decision', 'rc': 0}
[34.323052] (-) EventReactorShutdown: {}
